employeeid,age,gender,tenure_months,monthly_income,has_marital,has_children,performance_score,churn
E001,38,Male,50,200000.0,0,0,4,0
E002,33,Male,38,200000.0,0,0,4,0
E003,40,Male,68,200000.0,0,0,4,0
E004,47,Male,38,192941.822569416,0,0,4,0
E005,33,Female,20,200000.0,0,0,3,1
E006,33,Female,40,200000.0,0,0,3,0
E007,47,Male,66,200000.0,0,0,4,1
E008,41,Female,55,200000.0,0,0,3,0
E009,31,Male,28,200000.0,0,0,3,1
E010,39,Male,54,200000.0,0,0,3,1
E011,31,Male,34,200000.0,0,0,4,0
E012,31,Male,35,200000.0,0,0,3,1
E013,36,Female,46,200000.0,0,0,4,1
E014,20,Female,1,200000.0,0,0,4,0
E015,21,Male,1,200000.0,1,1,3,0
E016,30,Male,12,200000.0,0,0,3,1
E017,26,Male,8,200000.0,1,0,3,1
E018,37,Male,56,200000.0,0,0,3,0
E019,27,Male,10,200000.0,1,1,3,1
E020,23,Male,2,200000.0,1,1,3,1
E021,46,Female,44,200000.0,0,0,4,0
E022,33,Female,40,200000.0,0,0,5,0
E023,35,Male,35,200000.0,0,0,4,0
E024,23,Female,3,200000.0,1,1,2,1
E025,30,Male,16,200000.0,0,0,3,0
E026,35,Male,44,200000.0,0,0,4,1
E027,25,Male,10,200000.0,1,1,3,0
E028,38,Female,36,200000.0,0,0,3,1
E029,30,Female,20,200000.0,0,0,3,0
E030,32,Female,20,200000.0,0,0,3,1
E031,30,Male,31,200000.0,0,0,3,0
E032,49,Female,84,200000.0,0,0,5,1
E033,34,Male,46,200000.0,0,0,3,1
E034,26,Female,9,200000.0,1,1,3,0
E035,41,Male,65,200000.0,0,0,3,0
E036,25,Male,10,200000.0,1,1,4,1
E037,36,Female,45,200000.0,0,0,3,1
E038,20,Female,1,200000.0,1,0,3,0
E039,24,Male,4,200000.0,1,1,3,0
E040,36,Female,25,200000.0,0,0,3,1
E041,40,Male,57,200000.0,0,0,4,1
E042,36,Female,46,200000.0,0,0,4,0
E043,34,Female,35,200000.0,0,0,4,0
E044,32,Female,20,200000.0,0,0,4,1
E045,23,Female,2,200000.0,1,1,3,0
E046,29,Male,15,200000.0,1,1,3,0
E047,31,Male,23,200000.0,0,0,5,1
E048,43,Female,65,200000.0,0,0,4,0
E049,37,Male,50,200000.0,0,0,3,1
E050,20,Male,1,200000.0,0,0,3,0
E051,37,Male,37,200000.0,0,0,3,1
E052,31,Male,19,200000.0,0,0,3,0
E053,29,Female,13,200000.0,1,1,3,0
E054,39,Male,58,200000.0,0,0,4,0
E055,43,Female,79,200000.0,0,0,5,0
E056,42,Male,48,200000.0,0,0,4,0
E057,28,Male,20,200000.0,1,1,2,0
E058,32,Male,37,200000.0,0,0,4,1
E059,37,Male,54,200000.0,0,0,4,1
E060,42,Male,39,200000.0,0,0,3,1
E061,31,Female,35,200000.0,0,0,4,0
E062,33,Male,26,200000.0,0,0,3,1
E063,26,Female,9,200000.0,1,1,3,1
E064,25,Male,4,200000.0,1,1,4,0
E065,41,Male,51,200000.0,0,0,4,0
E066,45,Female,40,200000.0,0,0,3,1
E067,34,Male,25,200000.0,0,0,3,1
E068,43,Male,48,200000.0,0,0,4,0
E069,37,Male,52,200000.0,0,0,4,1
E070,29,Male,25,200000.0,1,1,3,0
E071,37,Female,33,200000.0,0,0,3,1
E072,47,Male,91,200000.0,0,0,5,1
E073,34,Female,43,200000.0,0,0,4,0
E074,47,Female,85,200000.0,0,0,4,0
E075,20,Male,1,200000.0,1,1,4,0
E076,41,Female,61,200000.0,0,0,4,1
E077,35,Male,50,200000.0,0,0,4,0
E078,32,Female,32,200000.0,0,0,4,1
E079,35,Male,30,200000.0,0,0,3,1
E080,20,Female,1,200000.0,1,1,3,0
E081,33,Male,34,200000.0,0,0,4,0
E082,37,Male,41,200000.0,0,0,4,0
E083,46,Female,43,200000.0,0,0,4,1
E084,30,Female,18,200000.0,0,0,3,1
E085,28,Male,21,200000.0,0,0,4,1
E086,30,Male,29,200000.0,0,0,3,1
E087,42,Female,36,200000.0,0,0,4,0
E088,37,Female,58,200000.0,0,0,4,1
E089,30,Female,18,200000.0,0,0,3,1
E090,39,Female,53,200000.0,0,0,4,0
E091,35,Female,43,200000.0,0,0,3,0
E092,42,Female,70,200000.0,0,0,4,0
E093,29,Male,27,200000.0,0,0,3,0
E094,32,Male,22,200000.0,0,0,3,1
E095,31,Female,32,200000.0,0,0,4,0
E096,23,Female,1,200000.0,0,0,2,1
E097,37,Male,48,200000.0,0,0,4,0
E098,37,Male,50,200000.0,0,0,4,1
E099,35,Female,41,200000.0,0,0,4,0
E100,33,Male,23,200000.0,0,0,3,1
E101,23,Male,3,200000.0,1,1,3,1
E102,31,Male,17,200000.0,0,0,3,0
E103,32,Male,16,200000.0,0,0,2,0
E104,28,Male,19,200000.0,0,0,3,0
E105,33,Male,29,200000.0,0,0,4,0
E106,38,Male,57,200000.0,0,0,4,1
E107,50,Female,68,200000.0,0,0,4,0
E108,36,Male,26,200000.0,0,0,3,1
E109,37,Female,53,200000.0,0,0,4,0
E110,34,Female,34,200000.0,0,0,3,1
E111,20,Male,1,200000.0,1,0,3,1
E112,34,Female,39,200000.0,0,0,4,1
E113,35,Male,36,200000.0,0,0,4,0
E114,54,Female,96,200000.0,0,0,4,1
E115,33,Male,29,200000.0,0,0,3,0
E116,37,Female,53,200000.0,0,0,4,1
E117,34,Female,42,200000.0,0,0,4,1
E118,25,Male,9,200000.0,1,1,3,1
E119,44,Male,38,200000.0,0,0,4,0
E120,41,Female,68,200000.0,0,0,5,0
E121,41,Female,60,200000.0,0,0,3,1
E122,27,Male,16,200000.0,0,0,3,1
E123,46,Female,57,200000.0,0,0,4,1
E124,23,Male,3,200000.0,1,0,4,0
E125,39,Female,56,200000.0,0,0,4,0
E126,52,Male,53,200000.0,0,0,5,0
E127,27,Female,12,200000.0,1,0,3,0
E128,30,Male,29,200000.0,0,0,3,0
E129,35,Male,21,200000.0,0,0,3,0
E130,30,Male,31,200000.0,0,0,3,1
E131,22,Male,1,200000.0,0,0,3,1
E132,35,Male,40,200000.0,0,0,3,1
E133,26,Male,8,200000.0,1,1,3,1
E134,38,Female,33,200000.0,0,0,4,1
E135,27,Male,19,200000.0,1,1,4,1
E136,47,Male,56,200000.0,0,0,4,1
E137,28,Male,20,200000.0,0,0,4,1
E138,32,Male,24,200000.0,0,0,3,0
E139,41,Male,35,200000.0,0,0,3,1
E140,25,Male,4,200000.0,0,0,3,0
E141,36,Male,40,200000.0,0,0,4,0
E142,45,Male,90,200000.0,0,0,4,0
E143,22,Male,1,200000.0,1,1,3,1
E144,36,Female,33,200000.0,0,0,4,0
E145,37,Male,35,200000.0,0,0,4,1
E146,41,Male,53,200000.0,0,0,4,0
E147,25,Female,7,200000.0,1,1,4,0
E148,24,Male,7,200000.0,0,0,3,1
E149,39,Female,46,200000.0,0,0,3,1
E150,37,Male,41,200000.0,0,0,4,1
E151,37,Female,27,200000.0,0,0,4,1
E152,37,Female,59,200000.0,0,0,4,0
E153,29,Male,14,200000.0,0,0,3,1
E154,36,Female,23,200000.0,0,0,4,1
E155,37,Male,47,200000.0,0,0,3,1
E156,29,Male,20,200000.0,1,0,3,1
E157,49,Female,68,200000.0,0,0,4,1
E158,38,Female,40,200000.0,0,0,4,1
E159,25,Male,10,200000.0,1,0,3,1
E160,40,Male,35,200000.0,0,0,3,1
E161,27,Male,17,200000.0,1,0,3,1
E162,41,Male,59,200000.0,0,0,4,0
E163,44,Female,56,200000.0,0,0,3,1
E164,28,Male,15,200000.0,1,1,3,1
E165,42,Male,42,200000.0,0,0,4,0
E166,38,Male,54,200000.0,0,0,4,0
E167,41,Male,52,200000.0,0,0,5,0
E168,50,Male,64,200000.0,0,0,5,1
E169,33,Female,32,200000.0,0,0,4,1
E170,28,Female,23,200000.0,1,1,3,1
E171,27,Female,12,200000.0,1,1,3,1
E172,28,Male,22,200000.0,1,1,4,0
E173,34,Female,28,200000.0,0,0,3,0
E174,37,Female,24,200000.0,0,0,2,0
E175,37,Female,30,200000.0,0,0,4,0
E176,41,Male,48,200000.0,0,0,3,0
E177,35,Male,26,200000.0,0,0,3,0
E178,46,Male,36,200000.0,0,0,4,1
E179,32,Male,37,200000.0,0,0,4,0
E180,56,Male,122,200000.0,0,0,4,1
E181,40,Male,60,200000.0,0,0,4,0
E182,28,Male,11,200000.0,0,0,4,1
E183,26,Female,7,200000.0,0,0,3,0
E184,38,Male,26,200000.0,0,0,4,1
E185,33,Male,36,200000.0,0,0,3,1
E186,40,Female,68,200000.0,0,0,5,0
E187,38,Female,41,200000.0,0,0,3,1
E188,34,Female,21,200000.0,0,0,3,0
E189,28,Female,16,200000.0,1,1,2,1
E190,22,Male,1,183414.26390555265,1,0,3,0
E191,31,Female,21,198877.52008348185,0,0,3,0
E192,41,Male,58,200000.0,0,0,4,0
E193,36,Male,46,200000.0,0,0,3,1
E194,25,Male,5,200000.0,1,1,3,1
E195,36,Male,22,200000.0,0,0,4,1
E196,38,Male,63,200000.0,0,0,4,1
E197,27,Female,10,200000.0,1,0,4,1
E198,36,Female,22,200000.0,0,0,3,1
E199,35,Female,25,200000.0,0,0,3,0
E200,25,Male,4,200000.0,0,0,3,0
E201,37,Female,37,200000.0,0,0,3,0
E202,39,Female,59,200000.0,0,0,3,0
E203,43,Male,49,200000.0,0,0,4,0
E204,43,Female,54,200000.0,0,0,3,1
E205,23,Male,3,200000.0,1,1,2,1
E206,27,Male,13,200000.0,0,0,4,1
E207,39,Female,62,200000.0,0,0,3,0
E208,39,Male,62,200000.0,0,0,4,1
E209,39,Male,25,200000.0,0,0,3,1
E210,60,Female,130,200000.0,0,0,4,1
E211,39,Female,45,200000.0,0,0,4,0
E212,44,Male,87,200000.0,0,0,5,1
E213,42,Male,54,200000.0,0,0,4,0
E214,40,Male,71,200000.0,0,0,5,1
E215,32,Female,33,200000.0,0,0,3,1
E216,41,Male,40,200000.0,0,0,4,0
E217,28,Male,17,200000.0,0,0,3,0
E218,33,Female,43,200000.0,0,0,3,1
E219,31,Male,32,200000.0,0,0,3,1
E220,35,Male,22,179912.70109708767,0,0,2,1
E221,53,Male,101,200000.0,0,0,5,0
E222,20,Female,1,200000.0,0,0,2,0
E223,40,Male,27,200000.0,0,0,4,1
E224,22,Male,1,200000.0,1,0,3,1
E225,31,Female,18,200000.0,0,0,3,0
E226,43,Male,74,200000.0,0,0,5,0
E227,35,Male,30,200000.0,0,0,3,0
E228,26,Male,14,200000.0,1,1,4,1
E229,29,Male,10,200000.0,1,1,3,0
E230,40,Male,40,200000.0,0,0,4,0
E231,29,Male,14,200000.0,1,1,4,0
E232,36,Male,29,185129.8791358645,0,0,3,1
E233,35,Male,21,200000.0,0,0,4,1
E234,29,Female,13,200000.0,1,1,4,0
E235,52,Female,86,200000.0,0,0,4,1
E236,40,Female,40,200000.0,0,0,4,1
E237,20,Female,1,200000.0,0,0,2,1
E238,36,Male,34,200000.0,0,0,3,1
E239,29,Female,25,200000.0,1,0,3,1
E240,41,Male,71,200000.0,0,0,4,1
E241,28,Female,16,200000.0,0,0,3,1
E242,34,Female,27,200000.0,0,0,4,0
E243,39,Female,30,200000.0,0,0,3,1
E244,41,Female,73,200000.0,0,0,4,1
E245,25,Female,4,200000.0,1,1,3,0
E246,32,Male,22,200000.0,0,0,3,1
E247,31,Male,20,200000.0,0,0,3,0
E248,29,Female,16,200000.0,1,0,5,0
E249,49,Male,51,200000.0,0,0,4,0
E250,38,Female,55,200000.0,0,0,3,0
E251,24,Female,3,200000.0,1,0,3,1
E252,42,Male,61,200000.0,0,0,3,1
E253,51,Female,52,200000.0,0,0,4,1
E254,43,Female,35,200000.0,0,0,4,1
E255,22,Female,1,200000.0,1,1,3,1
E256,31,Female,17,200000.0,0,0,3,1
E257,45,Male,81,200000.0,0,0,4,0
E258,29,Female,20,200000.0,1,0,3,0
E259,38,Female,27,200000.0,0,0,3,1
E260,41,Male,73,200000.0,0,0,5,0
E261,27,Male,10,200000.0,0,0,3,1
E262,34,Female,43,200000.0,0,0,4,0
E263,20,Male,1,200000.0,1,1,3,1
E264,26,Female,14,200000.0,1,0,4,0
E265,32,Female,15,200000.0,0,0,3,1
E266,25,Male,8,200000.0,1,1,3,1
E267,48,Female,89,200000.0,0,0,5,1
E268,23,Female,3,200000.0,1,0,3,1
E269,31,Male,33,200000.0,0,0,3,1
E270,36,Male,49,200000.0,0,0,3,1
E271,46,Male,89,200000.0,0,0,4,0
E272,23,Male,1,200000.0,1,0,2,0
E273,44,Female,48,200000.0,0,0,4,1
E274,35,Male,28,200000.0,0,0,3,1
E275,27,Female,12,200000.0,1,1,4,1
E276,38,Male,39,200000.0,0,0,3,1
E277,36,Male,40,200000.0,0,0,3,1
E278,30,Female,15,200000.0,0,0,4,0
E279,35,Female,41,200000.0,0,0,4,1
E280,31,Male,17,200000.0,0,0,3,0
E281,35,Male,29,200000.0,0,0,4,1
E282,40,Male,49,200000.0,0,0,4,1
E283,47,Male,87,200000.0,0,0,4,1
E284,25,Female,10,200000.0,1,1,3,1
E285,52,Male,93,200000.0,0,0,5,0
E286,20,Male,1,200000.0,1,1,2,0
E287,33,Male,31,200000.0,0,0,3,1
E288,39,Female,29,200000.0,0,0,4,1
E289,37,Female,36,200000.0,0,0,4,0
E290,30,Male,20,200000.0,0,0,4,0
E291,33,Female,17,200000.0,0,0,4,0
E292,31,Male,19,200000.0,0,0,3,1
E293,30,Male,31,200000.0,0,0,4,1
E294,41,Female,73,200000.0,0,0,4,1
E295,37,Female,35,200000.0,0,0,4,0
E296,29,Female,11,200000.0,0,0,4,0
E297,42,Female,38,200000.0,0,0,4,0
E298,37,Male,37,200000.0,0,0,4,0
E299,41,Female,73,200000.0,0,0,4,1
E300,40,Male,33,200000.0,0,0,3,0
E301,28,Female,20,200000.0,1,0,3,1
E302,30,Male,14,200000.0,0,0,3,1
E303,40,Female,71,200000.0,0,0,4,0
E304,39,Male,41,200000.0,0,0,3,1
E305,34,Male,41,200000.0,0,0,3,1
E306,35,Female,30,200000.0,0,0,3,0
E307,45,Male,70,200000.0,0,0,4,1
E308,30,Male,15,200000.0,0,0,3,0
E309,39,Male,31,200000.0,0,0,4,0
E310,33,Male,42,200000.0,0,0,4,1
E311,33,Male,41,200000.0,0,0,3,0
E312,43,Male,78,200000.0,0,0,4,1
E313,41,Female,58,200000.0,0,0,5,0
E314,41,Male,66,200000.0,0,0,4,0
E315,45,Female,38,200000.0,0,0,3,1
E316,35,Female,30,200000.0,0,0,3,0
E317,40,Male,41,200000.0,0,0,4,1
E318,32,Female,30,200000.0,0,0,4,0
E319,37,Male,35,200000.0,0,0,3,1
E320,33,Female,20,200000.0,0,0,2,1
E321,35,Male,38,200000.0,0,0,3,1
E322,39,Male,60,200000.0,0,0,5,1
E323,28,Female,14,200000.0,0,0,4,0
E324,51,Female,53,200000.0,0,0,3,1
E325,26,Female,7,200000.0,0,0,3,0
E326,25,Male,6,200000.0,1,1,3,1
E327,44,Female,49,170463.63772500382,0,0,4,0
E328,41,Male,59,200000.0,0,0,4,0
E329,39,Male,51,200000.0,0,0,4,0
E330,40,Male,58,200000.0,0,0,3,0
E331,34,Female,28,200000.0,0,0,4,1
E332,27,Male,17,200000.0,0,0,3,1
E333,35,Male,26,200000.0,0,0,4,1
E334,29,Female,18,200000.0,0,0,4,0
E335,42,Male,70,200000.0,0,0,4,0
E336,33,Male,21,200000.0,0,0,3,0
E337,28,Male,10,200000.0,1,1,4,0
E338,32,Female,37,200000.0,0,0,4,1
E339,38,Male,37,200000.0,0,0,3,1
E340,30,Male,25,200000.0,0,0,3,1
E341,28,Female,9,183918.3176243106,1,1,2,0
E342,36,Female,45,200000.0,0,0,3,0
E343,36,Male,32,200000.0,0,0,4,1
E344,30,Female,13,200000.0,0,0,3,0
E345,31,Female,27,200000.0,0,0,3,1
E346,36,Female,29,200000.0,0,0,4,0
E347,23,Male,2,200000.0,1,0,3,0
E348,23,Female,1,200000.0,0,0,3,1
E349,29,Male,13,200000.0,1,1,3,0
E350,33,Male,24,160699.63388951018,0,0,3,1
E351,37,Male,25,200000.0,0,0,3,0
E352,46,Male,90,200000.0,0,0,4,1
E353,41,Male,28,200000.0,0,0,3,0
E354,33,Female,29,200000.0,0,0,3,0
E355,34,Male,21,200000.0,0,0,4,1
E356,26,Male,9,200000.0,1,1,3,1
E357,34,Male,45,200000.0,0,0,3,0
E358,32,Male,19,200000.0,0,0,4,1
E359,37,Female,58,200000.0,0,0,4,1
E360,28,Male,12,200000.0,1,1,3,0
E361,39,Male,57,200000.0,0,0,4,0
E362,47,Male,71,200000.0,0,0,4,1
E363,34,Male,44,200000.0,0,0,4,0
E364,38,Male,46,200000.0,0,0,5,0
E365,40,Female,51,200000.0,0,0,4,1
E366,31,Female,17,200000.0,0,0,2,1
E367,36,Male,26,200000.0,0,0,3,1
E368,35,Female,49,200000.0,0,0,4,0
E369,35,Female,30,200000.0,0,0,3,1
E370,28,Female,14,200000.0,0,0,4,0
E371,35,Male,44,200000.0,0,0,4,0
E372,38,Male,37,200000.0,0,0,3,1
E373,46,Male,93,200000.0,0,0,4,1
E374,42,Female,66,200000.0,0,0,4,1
E375,52,Female,89,200000.0,0,0,4,1
E376,28,Male,22,200000.0,1,1,3,0
E377,41,Male,30,200000.0,0,0,4,1
E378,36,Female,29,200000.0,0,0,4,1
E379,52,Female,79,200000.0,0,0,3,0
E380,28,Female,12,200000.0,1,1,2,0
E381,28,Female,20,200000.0,1,1,3,1
E382,30,Male,30,200000.0,0,0,3,0
E383,20,Female,1,200000.0,1,0,3,1
E384,30,Female,18,200000.0,0,0,4,0
E385,28,Male,23,200000.0,1,0,4,1
E386,36,Male,36,200000.0,0,0,4,0
E387,37,Female,40,200000.0,0,0,4,1
E388,50,Male,66,200000.0,0,0,3,0
E389,42,Female,75,200000.0,0,0,4,1
E390,30,Female,23,200000.0,0,0,3,0
E391,27,Female,17,200000.0,1,1,4,0
E392,38,Male,56,200000.0,0,0,3,1
E393,24,Male,4,200000.0,1,1,3,0
E394,49,Female,69,200000.0,0,0,3,1
E395,44,Male,79,200000.0,0,0,3,0
E396,31,Female,21,200000.0,0,0,3,0
E397,21,Female,1,200000.0,0,0,2,1
E398,45,Male,88,200000.0,0,0,4,0
E399,34,Male,36,200000.0,0,0,3,0
E400,44,Male,73,200000.0,0,0,4,1
E401,22,Male,1,200000.0,1,0,3,1
E402,30,Female,28,200000.0,0,0,2,0
E403,35,Female,32,200000.0,0,0,4,0
E404,35,Female,21,200000.0,0,0,3,0
E405,31,Female,22,200000.0,0,0,3,1
E406,39,Male,54,200000.0,0,0,3,0
E407,26,Female,10,200000.0,1,1,4,1
E408,33,Female,37,200000.0,0,0,4,0
E409,35,Female,31,200000.0,0,0,3,0
E410,39,Female,52,200000.0,0,0,4,1
E411,40,Male,35,200000.0,0,0,4,1
E412,26,Female,13,200000.0,1,1,3,0
E413,22,Male,1,200000.0,1,0,3,0
E414,45,Male,46,200000.0,0,0,3,0
E415,37,Male,33,200000.0,0,0,3,0
E416,29,Female,23,200000.0,0,0,3,0
E417,47,Female,67,200000.0,0,0,4,1
E418,35,Female,26,200000.0,0,0,4,1
E419,44,Female,86,200000.0,0,0,3,1
E420,35,Female,42,200000.0,0,0,3,1
E421,51,Female,112,200000.0,0,0,4,1
E422,49,Male,69,200000.0,0,0,4,1
E423,33,Male,29,200000.0,0,0,3,1
E424,42,Male,74,200000.0,0,0,4,1
E425,40,Female,50,200000.0,0,0,4,0
E426,45,Female,75,200000.0,0,0,4,0
E427,27,Male,10,200000.0,1,0,4,0
E428,40,Male,47,200000.0,0,0,4,0
E429,43,Female,37,200000.0,0,0,3,1
E430,20,Male,1,147907.7307643785,1,1,3,0
E431,25,Female,4,200000.0,1,1,4,0
E432,20,Female,1,200000.0,0,0,3,0
E433,32,Male,39,200000.0,0,0,2,0
E434,40,Male,37,200000.0,0,0,4,1
E435,47,Female,78,200000.0,0,0,5,1
E436,35,Female,46,200000.0,0,0,5,0
E437,48,Male,74,200000.0,0,0,5,0
E438,23,Female,1,200000.0,1,0,4,0
E439,21,Male,1,200000.0,1,0,3,0
E440,34,Male,36,200000.0,0,0,4,0
E441,38,Female,53,200000.0,0,0,5,0
E442,34,Female,41,200000.0,0,0,4,0
E443,20,Male,1,200000.0,1,0,2,1
E444,34,Female,35,200000.0,0,0,3,0
E445,24,Female,4,200000.0,1,1,3,0
E446,40,Male,56,200000.0,0,0,4,1
E447,37,Male,25,200000.0,0,0,3,0
E448,27,Female,18,200000.0,1,0,2,0
E449,30,Male,14,200000.0,0,0,3,0
E450,26,Male,9,200000.0,1,0,4,1
E451,34,Male,42,200000.0,0,0,4,0
E452,42,Female,59,200000.0,0,0,4,1
E453,27,Female,12,200000.0,1,1,4,1
E454,39,Female,45,200000.0,0,0,4,0
E455,30,Male,29,200000.0,0,0,3,0
E456,28,Female,14,200000.0,1,1,3,0
E457,34,Female,44,200000.0,0,0,4,0
E458,26,Female,6,159305.6816440638,1,0,2,1
E459,30,Female,27,200000.0,0,0,3,1
E460,25,Male,10,200000.0,1,1,3,0
E461,50,Female,54,200000.0,0,0,4,1
E462,35,Male,33,200000.0,0,0,3,1
E463,29,Male,13,200000.0,0,0,2,1
E464,36,Male,45,200000.0,0,0,3,1
E465,34,Male,34,200000.0,0,0,4,1
E466,33,Male,33,200000.0,0,0,4,0
E467,39,Female,33,200000.0,0,0,3,1
E468,41,Male,38,200000.0,0,0,4,1
E469,30,Female,12,200000.0,0,0,3,1
E470,30,Male,18,200000.0,0,0,3,1
E471,32,Male,28,200000.0,0,0,4,0
E472,20,Female,1,200000.0,1,1,3,1
E473,22,Male,1,200000.0,0,0,3,1
E474,45,Male,59,200000.0,0,0,4,1
E475,48,Female,100,200000.0,0,0,4,0
E476,33,Male,36,200000.0,0,0,4,1
E477,39,Male,65,200000.0,0,0,4,1
E478,37,Male,42,200000.0,0,0,4,0
E479,59,Female,79,200000.0,0,0,4,1
E480,43,Female,34,200000.0,0,0,4,0
E481,33,Female,36,200000.0,0,0,3,0
E482,27,Female,9,200000.0,1,0,3,0
E483,22,Male,1,200000.0,1,0,3,1
E484,36,Male,39,200000.0,0,0,4,0
E485,28,Female,17,142455.91806812945,1,0,3,0
E486,23,Male,3,200000.0,1,1,4,0
E487,29,Male,13,200000.0,1,0,3,0
E488,26,Male,9,200000.0,0,0,3,1
E489,48,Male,79,200000.0,0,0,3,0
E490,42,Female,78,200000.0,0,0,4,1
E491,34,Male,39,200000.0,0,0,3,0
E492,46,Male,91,200000.0,0,0,4,0
E493,35,Male,44,200000.0,0,0,3,0
E494,28,Female,17,200000.0,1,1,3,1
E495,47,Male,49,200000.0,0,0,3,1
E496,39,Male,53,200000.0,0,0,3,1
E497,26,Female,12,200000.0,0,0,4,0
E498,33,Female,33,200000.0,0,0,4,1
E499,27,Male,13,200000.0,0,0,3,0
E500,23,Male,2,200000.0,0,0,3,1
E501,42,Male,46,200000.0,0,0,5,0
E502,50,Male,78,200000.0,0,0,4,1
E503,23,Male,1,200000.0,0,0,3,0
E504,39,Male,59,200000.0,0,0,4,1
E505,29,Male,13,200000.0,1,1,3,1
E506,31,Male,15,200000.0,0,0,3,1
E507,30,Female,20,200000.0,0,0,3,0
E508,28,Female,18,200000.0,0,0,3,0
E509,35,Female,33,200000.0,0,0,3,1
E510,28,Male,13,200000.0,1,0,3,0
E511,37,Male,43,200000.0,0,0,3,0
E512,34,Female,28,200000.0,0,0,3,0
E513,33,Male,42,200000.0,0,0,4,1
E514,27,Male,19,200000.0,1,0,4,0
E515,30,Female,22,200000.0,0,0,3,0
E516,41,Female,44,200000.0,0,0,3,1
E517,39,Female,56,200000.0,0,0,3,1
E518,27,Male,7,200000.0,1,1,3,1
E519,35,Male,34,200000.0,0,0,3,1
E520,41,Female,44,200000.0,0,0,3,1
E521,21,Male,1,200000.0,1,1,3,0
E522,39,Female,26,200000.0,0,0,3,0
E523,29,Female,20,200000.0,1,1,3,0
E524,39,Female,56,200000.0,0,0,3,1
E525,28,Male,16,200000.0,0,0,4,0
E526,20,Male,1,200000.0,1,1,3,0
E527,21,Female,1,200000.0,1,1,3,1
E528,35,Female,36,200000.0,0,0,3,0
E529,37,Female,45,200000.0,0,0,4,0
E530,27,Male,10,200000.0,0,0,3,0
E531,40,Male,48,200000.0,0,0,4,0
E532,21,Female,1,200000.0,1,1,4,1
E533,34,Female,20,200000.0,0,0,3,0
E534,25,Female,5,200000.0,1,0,3,0
E535,29,Male,25,200000.0,1,1,3,0
E536,35,Female,27,200000.0,0,0,4,0
E537,28,Female,11,200000.0,1,1,4,0
E538,31,Female,24,200000.0,0,0,4,0
E539,43,Male,71,200000.0,0,0,4,0
E540,30,Male,13,200000.0,0,0,4,0
E541,41,Female,55,200000.0,0,0,5,1
E542,25,Male,5,200000.0,1,0,2,0
E543,39,Male,27,200000.0,0,0,4,0
E544,46,Female,39,200000.0,0,0,4,0
E545,20,Male,1,200000.0,0,0,2,1
E546,28,Female,10,200000.0,1,1,3,0
E547,39,Male,27,200000.0,0,0,3,1
E548,33,Female,28,192083.0336476691,0,0,3,0
E549,37,Female,54,200000.0,0,0,4,1
E550,30,Male,17,200000.0,0,0,3,0
E551,35,Male,33,200000.0,0,0,4,1
E552,33,Male,17,200000.0,0,0,4,0
E553,44,Male,57,200000.0,0,0,3,0
E554,37,Female,44,200000.0,0,0,3,0
E555,37,Female,43,200000.0,0,0,4,1
E556,31,Male,20,200000.0,0,0,4,0
E557,31,Male,20,200000.0,0,0,3,0
E558,31,Male,15,200000.0,0,0,3,1
E559,38,Female,38,200000.0,0,0,4,1
E560,31,Male,15,200000.0,0,0,3,0
E561,37,Female,51,200000.0,0,0,4,1
E562,51,Female,113,200000.0,0,0,5,1
E563,41,Female,74,200000.0,0,0,3,1
E564,32,Male,36,200000.0,0,0,3,0
E565,44,Female,66,200000.0,0,0,4,1
E566,31,Male,29,200000.0,0,0,3,1
E567,20,Male,1,200000.0,0,0,3,0
E568,26,Female,12,200000.0,0,0,3,1
E569,20,Female,1,182898.69320789835,0,0,2,0
E570,32,Male,27,200000.0,0,0,4,0
E571,35,Male,44,200000.0,0,0,4,1
E572,48,Male,57,200000.0,0,0,3,1
E573,37,Male,34,200000.0,0,0,3,1
E574,33,Male,41,200000.0,0,0,4,0
E575,41,Male,31,200000.0,0,0,3,1
E576,20,Male,1,200000.0,1,0,3,0
E577,36,Female,52,200000.0,0,0,4,0
E578,41,Female,57,200000.0,0,0,4,1
E579,23,Female,2,200000.0,0,0,2,0
E580,44,Male,46,200000.0,0,0,4,1
E581,37,Female,35,200000.0,0,0,3,0
E582,31,Female,32,200000.0,0,0,3,1
E583,40,Female,52,200000.0,0,0,4,0
E584,53,Female,86,200000.0,0,0,4,1
E585,36,Female,24,200000.0,0,0,3,1
E586,36,Male,21,200000.0,0,0,3,0
E587,31,Male,35,200000.0,0,0,4,0
E588,28,Female,14,200000.0,1,0,3,0
E589,41,Female,57,200000.0,0,0,5,0
E590,28,Female,10,200000.0,0,0,3,0
E591,35,Male,41,200000.0,0,0,4,0
E592,31,Male,34,200000.0,0,0,3,1
E593,38,Male,47,200000.0,0,0,3,0
E594,37,Female,27,200000.0,0,0,3,1
E595,43,Female,62,200000.0,0,0,3,0
E596,30,Male,27,200000.0,0,0,3,0
E597,32,Male,25,200000.0,0,0,3,1
E598,27,Male,18,200000.0,0,0,4,1
E599,31,Female,28,200000.0,0,0,3,1
E600,38,Female,59,200000.0,0,0,4,1
E601,41,Female,58,200000.0,0,0,4,0
E602,27,Male,9,200000.0,1,1,3,0
E603,41,Female,43,200000.0,0,0,4,0
E604,45,Male,46,200000.0,0,0,3,1
E605,38,Female,60,200000.0,0,0,3,1
E606,50,Male,95,200000.0,0,0,5,0
E607,28,Male,19,200000.0,1,0,3,1
E608,25,Female,6,200000.0,1,1,3,0
E609,20,Female,1,200000.0,1,1,3,0
E610,46,Male,81,200000.0,0,0,4,1
E611,40,Female,48,200000.0,0,0,4,0
E612,34,Male,24,200000.0,0,0,4,0
E613,37,Male,45,200000.0,0,0,3,1
E614,25,Male,4,200000.0,1,1,3,1
E615,54,Male,74,200000.0,0,0,4,1
E616,36,Male,37,200000.0,0,0,5,1
E617,35,Male,24,200000.0,0,0,3,0
E618,40,Male,71,200000.0,0,0,5,0
E619,38,Female,32,200000.0,0,0,4,0
E620,36,Male,25,200000.0,0,0,4,1
E621,28,Female,12,200000.0,1,0,3,1
E622,38,Male,54,200000.0,0,0,4,1
E623,50,Female,71,200000.0,0,0,3,0
E624,45,Male,67,200000.0,0,0,4,0
E625,47,Male,38,200000.0,0,0,4,0
E626,30,Male,12,200000.0,0,0,3,0
E627,27,Male,13,200000.0,0,0,2,0
E628,33,Male,38,200000.0,0,0,3,0
E629,35,Female,48,200000.0,0,0,3,0
E630,43,Female,36,200000.0,0,0,4,0
E631,21,Female,1,200000.0,1,0,3,1
E632,47,Female,94,200000.0,0,0,4,0
E633,33,Male,27,200000.0,0,0,4,1
E634,31,Male,32,162327.5313821178,0,0,3,1
E635,26,Male,7,200000.0,0,0,3,0
E636,21,Male,1,200000.0,1,1,3,1
E637,41,Male,64,200000.0,0,0,4,0
E638,35,Male,50,200000.0,0,0,4,1
E639,24,Male,6,200000.0,1,1,4,0
E640,24,Male,4,200000.0,1,1,3,0
E641,32,Female,38,200000.0,0,0,3,1
E642,48,Female,56,200000.0,0,0,4,1
E643,32,Male,23,200000.0,0,0,4,1
E644,22,Female,1,200000.0,0,0,3,1
E645,33,Female,37,200000.0,0,0,4,0
E646,32,Male,38,200000.0,0,0,4,1
E647,20,Male,1,200000.0,0,0,2,0
E648,34,Male,41,200000.0,0,0,4,1
E649,33,Female,36,176013.36798962756,0,0,3,1
E650,40,Female,29,200000.0,0,0,4,0
E651,49,Male,66,200000.0,0,0,4,0
E652,44,Male,48,200000.0,0,0,4,0
E653,32,Female,22,200000.0,0,0,4,1
E654,26,Male,15,200000.0,0,0,3,0
E655,55,Male,102,200000.0,0,0,5,0
E656,35,Female,42,200000.0,0,0,4,0
E657,35,Female,51,167021.03929848224,0,0,3,1
E658,34,Female,29,200000.0,0,0,4,1
E659,36,Female,49,200000.0,0,0,3,1
E660,33,Female,28,200000.0,0,0,3,0
E661,30,Male,29,200000.0,0,0,3,1
E662,30,Female,15,200000.0,0,0,3,0
E663,34,Male,46,200000.0,0,0,4,0
E664,30,Female,16,200000.0,0,0,4,0
E665,29,Male,16,200000.0,0,0,4,1
E666,35,Female,44,200000.0,0,0,4,1
E667,32,Male,24,200000.0,0,0,3,1
E668,47,Male,75,200000.0,0,0,4,1
E669,20,Male,1,200000.0,1,1,4,0
E670,43,Male,70,200000.0,0,0,4,1
E671,44,Female,45,200000.0,0,0,4,1
E672,20,Female,1,200000.0,0,0,3,0
E673,32,Male,22,200000.0,0,0,3,1
E674,32,Male,26,200000.0,0,0,3,1
E675,23,Male,1,200000.0,0,0,3,1
E676,28,Male,14,200000.0,1,1,3,1
E677,26,Male,9,200000.0,1,1,3,1
E678,49,Female,44,200000.0,0,0,4,1
E679,42,Male,59,200000.0,0,0,4,0
E680,45,Male,85,200000.0,0,0,4,0
E681,40,Male,33,200000.0,0,0,4,1
E682,25,Male,8,200000.0,0,0,3,0
E683,30,Male,25,200000.0,0,0,3,0
E684,38,Female,40,200000.0,0,0,3,0
E685,25,Male,9,200000.0,1,0,2,0
E686,40,Male,45,189173.70895256818,0,0,4,0
E687,33,Male,30,200000.0,0,0,4,0
E688,32,Male,15,200000.0,0,0,2,1
E689,40,Male,58,200000.0,0,0,4,1
E690,38,Female,50,200000.0,0,0,4,1
E691,32,Female,15,200000.0,0,0,3,1
E692,44,Female,53,200000.0,0,0,5,1
E693,26,Male,15,200000.0,1,0,3,0
E694,39,Male,43,200000.0,0,0,3,0
E695,39,Male,46,200000.0,0,0,4,1
E696,32,Female,37,200000.0,0,0,4,1
E697,37,Female,49,200000.0,0,0,3,1
E698,24,Male,5,200000.0,1,1,3,1
E699,42,Male,69,181783.25191920294,0,0,3,1
E700,33,Male,40,200000.0,0,0,4,0
E701,30,Female,21,200000.0,0,0,3,1
E702,43,Female,56,200000.0,0,0,3,0
E703,29,Male,17,200000.0,0,0,3,0
E704,23,Male,3,200000.0,0,0,3,0
E705,22,Female,1,200000.0,1,1,3,1
E706,39,Male,29,200000.0,0,0,3,1
E707,24,Male,7,200000.0,0,0,3,1
E708,49,Male,72,200000.0,0,0,4,1
E709,20,Female,1,200000.0,0,0,3,0
E710,48,Male,74,200000.0,0,0,5,0
E711,36,Male,35,200000.0,0,0,4,0
E712,34,Female,44,200000.0,0,0,4,1
E713,30,Male,16,200000.0,0,0,4,0
E714,38,Male,57,200000.0,0,0,4,1
E715,34,Male,34,200000.0,0,0,3,1
E716,43,Male,34,200000.0,0,0,5,1
E717,35,Female,51,200000.0,0,0,4,0
E718,36,Male,38,200000.0,0,0,3,0
E719,32,Male,22,200000.0,0,0,4,0
E720,34,Female,32,200000.0,0,0,3,0
E721,37,Female,54,200000.0,0,0,4,0
E722,21,Female,1,200000.0,1,0,3,1
E723,24,Male,3,169148.5428383867,1,1,2,0
E724,40,Male,32,200000.0,0,0,3,1
E725,36,Female,31,200000.0,0,0,3,1
E726,33,Male,37,200000.0,0,0,4,0
E727,35,Female,34,200000.0,0,0,3,0
E728,37,Female,31,200000.0,0,0,3,1
E729,30,Female,15,200000.0,0,0,2,1
E730,28,Male,13,200000.0,1,0,4,0
E731,36,Male,53,178720.63410634393,0,0,4,1
E732,27,Female,11,200000.0,1,1,3,0
E733,38,Male,63,200000.0,0,0,4,0
E734,21,Male,1,200000.0,1,0,3,1
E735,43,Female,40,200000.0,0,0,4,0
E736,38,Female,59,200000.0,0,0,4,0
E737,37,Male,39,200000.0,0,0,3,1
E738,42,Male,65,200000.0,0,0,3,1
E739,48,Male,102,200000.0,0,0,4,1
E740,43,Female,34,200000.0,0,0,4,1
E741,20,Female,1,200000.0,1,1,3,1
E742,24,Male,6,200000.0,1,0,3,0
E743,30,Male,17,200000.0,0,0,3,0
E744,35,Female,25,161310.89923042248,0,0,2,1
E745,39,Male,27,200000.0,0,0,3,0
E746,29,Male,10,200000.0,1,0,4,0
E747,36,Female,48,200000.0,0,0,4,0
E748,28,Male,11,200000.0,1,1,4,1
E749,30,Female,21,200000.0,0,0,4,0
E750,23,Male,3,138717.45534896397,1,1,2,1
E751,27,Male,12,200000.0,0,0,4,0
E752,24,Female,3,200000.0,0,0,3,1
E753,27,Male,17,200000.0,1,1,3,0
E754,43,Female,32,200000.0,0,0,3,1
E755,27,Female,17,200000.0,1,0,2,1
E756,56,Male,126,200000.0,0,0,5,0
E757,38,Male,41,200000.0,0,0,4,0
E758,36,Male,39,200000.0,0,0,4,1
E759,28,Male,16,200000.0,0,0,3,1
E760,40,Male,44,200000.0,0,0,4,1
E761,30,Male,29,200000.0,0,0,3,0
E762,35,Male,48,200000.0,0,0,4,1
E763,55,Female,77,200000.0,0,0,4,1
E764,34,Female,36,200000.0,0,0,4,0
E765,44,Female,83,200000.0,0,0,5,1
E766,29,Male,27,200000.0,1,1,3,0
E767,34,Male,33,200000.0,0,0,4,0
E768,49,Female,71,200000.0,0,0,4,1
E769,29,Male,15,200000.0,0,0,3,1
E770,49,Male,105,200000.0,0,0,5,1
E771,40,Female,33,200000.0,0,0,4,0
E772,30,Female,23,200000.0,0,0,2,0
E773,40,Male,39,200000.0,0,0,4,1
E774,42,Male,43,200000.0,0,0,3,0
E775,39,Female,42,200000.0,0,0,4,1
E776,22,Female,1,175322.49290458704,0,0,2,1
E777,29,Female,11,200000.0,1,1,3,0
E778,33,Female,32,200000.0,0,0,4,1
E779,34,Female,20,200000.0,0,0,3,0
E780,39,Male,32,200000.0,0,0,3,1
E781,36,Male,36,200000.0,0,0,3,0
E782,24,Female,5,200000.0,0,0,3,1
E783,38,Female,34,200000.0,0,0,4,0
E784,39,Female,38,200000.0,0,0,4,1
E785,39,Male,29,200000.0,0,0,4,0
E786,43,Male,47,200000.0,0,0,4,1
E787,41,Female,74,200000.0,0,0,4,1
E788,38,Female,61,200000.0,0,0,4,1
E789,34,Female,28,200000.0,0,0,4,0
E790,21,Female,1,200000.0,0,0,3,0
E791,38,Female,60,200000.0,0,0,4,0
E792,36,Female,21,200000.0,0,0,4,1
E793,37,Female,52,200000.0,0,0,3,0
E794,24,Female,7,200000.0,1,1,3,1
E795,26,Female,6,200000.0,1,1,3,1
E796,43,Male,39,200000.0,0,0,4,1
E797,34,Male,46,200000.0,0,0,3,0
E798,40,Female,51,200000.0,0,0,4,1
E799,35,Male,19,200000.0,0,0,3,0
E800,35,Male,27,200000.0,0,0,4,0
E801,42,Male,52,200000.0,0,0,4,0
E802,30,Male,25,200000.0,0,0,3,1
E803,35,Male,43,200000.0,0,0,3,1
E804,31,Male,35,200000.0,0,0,3,0
E805,31,Female,19,200000.0,0,0,3,1
E806,32,Male,28,200000.0,0,0,3,0
E807,36,Male,39,200000.0,0,0,3,0
E808,31,Male,22,200000.0,0,0,4,1
E809,45,Female,44,200000.0,0,0,3,0
E810,27,Male,19,200000.0,1,1,4,0
E811,33,Female,39,200000.0,0,0,4,1
E812,31,Female,24,200000.0,0,0,4,0
E813,46,Female,72,200000.0,0,0,4,1
E814,36,Male,28,200000.0,0,0,4,1
E815,43,Female,60,200000.0,0,0,3,1
E816,23,Male,3,186933.41641568614,0,0,3,1
E817,37,Female,41,200000.0,0,0,4,1
E818,42,Female,79,200000.0,0,0,4,0
E819,35,Male,39,200000.0,0,0,3,1
E820,43,Male,50,200000.0,0,0,3,0
E821,30,Male,27,200000.0,0,0,3,1
E822,46,Female,46,200000.0,0,0,4,1
E823,53,Male,76,200000.0,0,0,4,1
E824,32,Female,23,200000.0,0,0,3,0
E825,31,Male,23,200000.0,0,0,4,0
E826,46,Female,82,200000.0,0,0,5,0
E827,47,Female,67,200000.0,0,0,5,0
E828,30,Female,27,200000.0,0,0,3,1
E829,31,Female,26,200000.0,0,0,2,0
E830,32,Male,23,200000.0,0,0,5,0
E831,24,Male,7,200000.0,1,1,4,0
E832,27,Female,10,200000.0,1,1,3,0
E833,26,Male,8,200000.0,0,0,2,1
E834,28,Male,16,200000.0,0,0,4,0
E835,34,Male,25,200000.0,0,0,3,0
E836,36,Male,21,200000.0,0,0,3,1
E837,47,Male,78,200000.0,0,0,5,0
E838,27,Female,13,200000.0,1,0,3,1
E839,42,Male,52,200000.0,0,0,3,1
E840,33,Female,43,200000.0,0,0,3,1
E841,34,Male,35,200000.0,0,0,4,0
E842,40,Female,65,200000.0,0,0,4,1
E843,26,Male,7,200000.0,1,0,3,1
E844,38,Female,46,200000.0,0,0,4,0
E845,36,Female,51,200000.0,0,0,4,0
E846,38,Male,47,200000.0,0,0,4,1
E847,37,Female,49,200000.0,0,0,2,0
E848,54,Female,77,200000.0,0,0,4,1
E849,29,Female,12,200000.0,0,0,4,1
E850,30,Female,21,200000.0,0,0,3,1
E851,30,Male,19,200000.0,0,0,3,1
E852,30,Female,29,200000.0,0,0,3,1
E853,29,Male,14,200000.0,1,1,4,0
E854,44,Male,86,200000.0,0,0,5,0
E855,46,Female,93,200000.0,0,0,5,0
E856,30,Male,16,200000.0,0,0,2,1
E857,28,Female,14,200000.0,1,0,3,1
E858,38,Female,59,200000.0,0,0,4,0
E859,30,Female,31,200000.0,0,0,3,1
E860,40,Female,46,200000.0,0,0,3,0
E861,36,Male,32,200000.0,0,0,3,1
E862,22,Male,1,200000.0,0,0,3,0
E863,47,Male,80,200000.0,0,0,3,1
E864,49,Male,58,200000.0,0,0,5,0
E865,30,Male,26,200000.0,0,0,4,0
E866,31,Male,14,200000.0,0,0,3,1
E867,37,Female,24,200000.0,0,0,4,1
E868,37,Female,36,200000.0,0,0,3,1
E869,40,Male,42,200000.0,0,0,3,1
E870,51,Female,66,200000.0,0,0,4,0
E871,33,Male,30,200000.0,0,0,4,1
E872,28,Male,13,200000.0,1,1,3,1
E873,23,Female,1,200000.0,1,1,3,0
E874,29,Female,15,200000.0,1,1,3,1
E875,34,Female,47,200000.0,0,0,4,1
E876,49,Male,68,200000.0,0,0,5,0
E877,30,Female,20,200000.0,0,0,4,0
E878,36,Female,41,200000.0,0,0,4,1
E879,34,Female,47,200000.0,0,0,4,1
E880,44,Female,46,200000.0,0,0,4,0
E881,55,Female,105,200000.0,0,0,5,0
E882,30,Female,26,200000.0,0,0,4,1
E883,31,Female,27,200000.0,0,0,4,1
E884,43,Female,36,200000.0,0,0,3,1
E885,40,Female,57,200000.0,0,0,4,1
E886,49,Male,44,200000.0,0,0,3,0
E887,39,Female,50,200000.0,0,0,3,1
E888,32,Male,33,200000.0,0,0,3,0
E889,39,Male,34,200000.0,0,0,3,1
E890,43,Female,75,200000.0,0,0,3,0
E891,41,Female,29,200000.0,0,0,4,1
E892,39,Female,61,200000.0,0,0,3,0
E893,43,Male,55,200000.0,0,0,5,0
E894,44,Male,44,200000.0,0,0,4,0
E895,46,Male,44,200000.0,0,0,4,0
E896,40,Female,69,200000.0,0,0,4,0
E897,33,Female,18,200000.0,0,0,3,0
E898,36,Female,27,200000.0,0,0,3,1
E899,44,Female,52,200000.0,0,0,4,1
E900,28,Female,18,200000.0,1,0,3,0
E901,37,Female,42,200000.0,0,0,4,0
E902,31,Male,16,200000.0,0,0,3,1
E903,35,Male,28,200000.0,0,0,3,0
E904,45,Female,48,200000.0,0,0,4,1
E905,36,Female,28,200000.0,0,0,4,1
E906,35,Male,32,200000.0,0,0,4,0
E907,24,Female,6,200000.0,1,0,3,0
E908,40,Male,36,200000.0,0,0,4,0
E909,40,Male,43,200000.0,0,0,3,1
E910,52,Female,74,200000.0,0,0,4,1
E911,32,Female,39,200000.0,0,0,4,0
E912,36,Female,54,200000.0,0,0,4,0
E913,36,Male,49,200000.0,0,0,4,0
E914,47,Male,52,200000.0,0,0,4,1
E915,34,Female,20,200000.0,0,0,4,1
E916,37,Female,34,200000.0,0,0,3,1
E917,39,Male,36,200000.0,0,0,4,1
E918,36,Female,38,200000.0,0,0,4,0
E919,31,Male,30,200000.0,0,0,3,0
E920,36,Female,51,200000.0,0,0,4,1
E921,43,Female,75,200000.0,0,0,4,1
E922,26,Male,9,200000.0,1,1,3,0
E923,36,Male,45,200000.0,0,0,2,0
E924,29,Female,15,200000.0,1,1,3,1
E925,44,Female,36,200000.0,0,0,3,0
E926,22,Female,1,200000.0,1,1,2,0
E927,30,Female,12,200000.0,0,0,3,0
E928,38,Female,40,200000.0,0,0,3,0
E929,47,Female,58,200000.0,0,0,4,1
E930,34,Male,38,200000.0,0,0,3,1
E931,30,Male,27,200000.0,0,0,4,0
E932,50,Male,63,200000.0,0,0,5,0
E933,23,Male,3,200000.0,0,0,3,0
E934,20,Female,1,200000.0,0,0,3,0
E935,38,Male,41,200000.0,0,0,4,0
E936,30,Female,26,200000.0,0,0,4,1
E937,26,Female,12,200000.0,0,0,4,1
E938,40,Female,71,200000.0,0,0,4,0
E939,36,Male,28,200000.0,0,0,3,1
E940,30,Male,25,200000.0,0,0,4,0
E941,24,Male,6,200000.0,1,1,3,0
E942,41,Male,71,200000.0,0,0,4,0
E943,40,Male,34,200000.0,0,0,4,1
E944,34,Female,40,200000.0,0,0,4,1
E945,49,Female,78,200000.0,0,0,4,1
E946,26,Female,8,200000.0,1,1,3,0
E947,22,Female,1,200000.0,0,0,4,0
E948,29,Male,16,200000.0,1,1,3,1
E949,34,Female,35,200000.0,0,0,3,1
E950,36,Female,52,200000.0,0,0,4,0
E951,33,Male,32,200000.0,0,0,3,1
E952,37,Female,46,200000.0,0,0,3,0
E953,24,Male,5,200000.0,1,0,3,0
E954,46,Female,39,200000.0,0,0,3,1
E955,34,Female,24,200000.0,0,0,3,0
E956,43,Male,57,200000.0,0,0,5,0
E957,37,Female,34,200000.0,0,0,4,0
E958,38,Female,31,200000.0,0,0,4,1
E959,39,Female,46,200000.0,0,0,4,1
E960,38,Male,36,200000.0,0,0,4,1
E961,40,Female,38,200000.0,0,0,3,1
E962,45,Male,61,200000.0,0,0,3,0
E963,36,Male,25,200000.0,0,0,3,0
E964,40,Male,68,200000.0,0,0,4,0
E965,34,Female,44,200000.0,0,0,4,0
E966,46,Female,78,200000.0,0,0,4,0
E967,29,Female,12,200000.0,1,0,3,0
E968,49,Female,92,200000.0,0,0,4,0
E969,34,Male,42,200000.0,0,0,3,1
E970,23,Male,3,200000.0,1,1,2,1
E971,36,Male,24,200000.0,0,0,3,1
E972,29,Male,21,200000.0,1,1,3,1
E973,41,Male,68,200000.0,0,0,4,1
E974,29,Male,20,200000.0,1,1,3,1
E975,31,Male,28,200000.0,0,0,3,0
E976,20,Male,1,200000.0,1,1,2,1
E977,31,Male,25,200000.0,0,0,3,1
E978,20,Male,1,200000.0,0,0,2,1
E979,22,Female,1,200000.0,1,1,3,1
E980,41,Female,32,200000.0,0,0,3,0
E981,41,Female,49,200000.0,0,0,4,1
E982,38,Male,35,200000.0,0,0,3,0
E983,27,Male,14,200000.0,1,1,4,0
E984,34,Female,22,200000.0,0,0,4,1
E985,34,Male,38,200000.0,0,0,4,0
E986,25,Male,10,200000.0,1,1,3,0
E987,47,Male,47,200000.0,0,0,4,0
E988,42,Male,35,200000.0,0,0,4,1
E989,33,Male,20,200000.0,0,0,3,0
E990,35,Male,48,200000.0,0,0,5,0
E991,36,Female,39,200000.0,0,0,4,0
E992,20,Male,1,200000.0,0,0,3,0
E993,33,Male,19,200000.0,0,0,3,1
E994,29,Female,21,200000.0,1,1,4,0
E995,26,Male,14,200000.0,0,0,3,1
E996,32,Male,35,200000.0,0,0,3,1
E997,49,Female,82,200000.0,0,0,4,0
E998,40,Male,30,200000.0,0,0,4,0
E999,30,Male,14,200000.0,0,0,3,1
E1000,39,Male,27,200000.0,0,0,4,1
E1001,46,Male,51,200000.0,0,0,3,0
E1002,42,Female,36,200000.0,0,0,3,1
E1003,35,Female,27,200000.0,0,0,4,1
E1004,29,Male,17,200000.0,1,1,3,1
E1005,40,Female,69,200000.0,0,0,5,0
E1006,38,Male,48,200000.0,0,0,4,1
E1007,42,Male,71,200000.0,0,0,4,0
E1008,40,Female,58,200000.0,0,0,4,0
E1009,43,Male,37,200000.0,0,0,3,1
E1010,30,Male,26,200000.0,0,0,3,1
E1011,45,Male,50,200000.0,0,0,4,0
E1012,36,Male,43,200000.0,0,0,3,1
E1013,51,Male,68,200000.0,0,0,4,1
E1014,29,Female,27,200000.0,1,1,4,1
E1015,48,Male,56,200000.0,0,0,5,1
E1016,36,Male,30,200000.0,0,0,4,0
E1017,29,Male,26,200000.0,1,1,3,0
E1018,31,Female,14,200000.0,0,0,3,1
E1019,32,Female,32,200000.0,0,0,4,0
E1020,38,Female,53,200000.0,0,0,4,0
E1021,39,Female,61,200000.0,0,0,4,1
E1022,30,Female,31,200000.0,0,0,4,0
E1023,34,Male,47,200000.0,0,0,4,1
E1024,52,Male,49,200000.0,0,0,4,1
E1025,48,Female,92,200000.0,0,0,4,1
E1026,38,Female,49,200000.0,0,0,4,0
E1027,35,Female,40,200000.0,0,0,4,1
E1028,35,Male,23,200000.0,0,0,3,0
E1029,39,Male,53,200000.0,0,0,3,0
E1030,26,Male,15,200000.0,1,1,3,1
E1031,32,Female,37,200000.0,0,0,3,0
E1032,21,Male,1,200000.0,0,0,3,1
E1033,38,Male,25,200000.0,0,0,3,0
E1034,40,Female,43,200000.0,0,0,5,1
E1035,31,Male,32,200000.0,0,0,3,0
E1036,47,Female,81,200000.0,0,0,5,0
E1037,25,Male,7,149485.54444702846,0,0,2,0
E1038,23,Male,1,200000.0,0,0,2,1
E1039,36,Male,35,200000.0,0,0,4,0
E1040,43,Female,56,200000.0,0,0,4,0
E1041,48,Male,99,200000.0,0,0,4,0
E1042,31,Male,27,200000.0,0,0,3,0
E1043,43,Female,47,200000.0,0,0,4,0
E1044,34,Male,33,200000.0,0,0,4,1
E1045,33,Female,18,200000.0,0,0,4,0
E1046,42,Female,78,200000.0,0,0,4,1
E1047,40,Male,43,200000.0,0,0,4,0
E1048,22,Female,1,200000.0,0,0,3,0
E1049,46,Male,57,200000.0,0,0,3,1
E1050,46,Female,76,200000.0,0,0,3,1
E1051,29,Male,22,200000.0,0,0,3,0
E1052,38,Female,52,200000.0,0,0,4,0
E1053,38,Male,34,200000.0,0,0,4,1
E1054,37,Female,34,200000.0,0,0,4,0
E1055,30,Male,14,200000.0,0,0,4,1
E1056,29,Male,21,200000.0,1,1,3,0
E1057,34,Male,19,200000.0,0,0,3,0
E1058,44,Male,65,200000.0,0,0,4,0
E1059,39,Female,62,200000.0,0,0,4,1
E1060,32,Male,37,200000.0,0,0,2,1
E1061,41,Female,49,200000.0,0,0,3,0
E1062,20,Female,1,200000.0,1,1,3,1
E1063,44,Female,37,200000.0,0,0,4,0
E1064,21,Male,1,200000.0,1,0,3,0
E1065,32,Male,35,200000.0,0,0,4,1
E1066,26,Female,8,200000.0,1,0,3,1
E1067,24,Male,5,200000.0,1,1,3,0
E1068,44,Male,79,200000.0,0,0,4,0
E1069,31,Female,33,200000.0,0,0,3,0
E1070,37,Female,31,200000.0,0,0,3,1
E1071,34,Female,34,200000.0,0,0,4,1
E1072,38,Male,31,200000.0,0,0,4,0
E1073,35,Female,22,200000.0,0,0,3,1
E1074,24,Male,7,200000.0,0,0,4,1
E1075,42,Male,71,200000.0,0,0,4,0
E1076,31,Female,30,163549.53290326326,0,0,4,1
E1077,22,Male,1,200000.0,1,1,3,1
E1078,31,Male,32,200000.0,0,0,2,1
E1079,47,Male,64,200000.0,0,0,4,0
E1080,41,Female,44,200000.0,0,0,4,0
E1081,32,Female,28,200000.0,0,0,3,1
E1082,32,Female,17,200000.0,0,0,3,1
E1083,32,Female,33,200000.0,0,0,3,0
E1084,51,Male,85,200000.0,0,0,4,0
E1085,38,Male,31,200000.0,0,0,3,0
E1086,38,Male,31,200000.0,0,0,4,1
E1087,43,Male,41,200000.0,0,0,4,0
E1088,36,Male,22,200000.0,0,0,4,0
E1089,32,Female,29,200000.0,0,0,3,0
E1090,33,Male,39,200000.0,0,0,3,1
E1091,34,Male,18,200000.0,0,0,3,0
E1092,34,Male,19,200000.0,0,0,3,1
E1093,40,Male,52,200000.0,0,0,2,1
E1094,35,Female,46,200000.0,0,0,3,0
E1095,40,Male,41,200000.0,0,0,4,1
E1096,34,Male,28,200000.0,0,0,4,1
E1097,35,Female,38,200000.0,0,0,3,1
E1098,20,Male,1,183117.30747297517,1,1,3,1
E1099,42,Male,31,200000.0,0,0,2,0
E1100,37,Male,50,200000.0,0,0,4,1
E1101,42,Female,61,200000.0,0,0,3,1
E1102,20,Female,1,200000.0,1,1,2,0
E1103,51,Female,97,200000.0,0,0,4,0
E1104,33,Male,35,200000.0,0,0,4,1
E1105,43,Female,42,200000.0,0,0,4,0
E1106,26,Male,9,200000.0,0,0,3,0
E1107,39,Male,30,200000.0,0,0,3,0
E1108,26,Male,7,200000.0,1,0,3,1
E1109,30,Male,25,200000.0,0,0,3,0
E1110,50,Male,102,200000.0,0,0,5,0
E1111,33,Female,42,200000.0,0,0,3,0
E1112,36,Female,42,200000.0,0,0,4,1
E1113,41,Male,37,200000.0,0,0,3,1
E1114,38,Male,28,200000.0,0,0,4,0
E1115,36,Male,49,200000.0,0,0,4,1
E1116,37,Male,44,200000.0,0,0,3,0
E1117,54,Female,97,200000.0,0,0,4,1
E1118,34,Male,41,200000.0,0,0,3,0
E1119,36,Female,45,200000.0,0,0,3,1
E1120,43,Male,75,200000.0,0,0,4,1
E1121,43,Male,34,200000.0,0,0,5,0
E1122,44,Male,74,200000.0,0,0,4,0
E1123,40,Male,65,200000.0,0,0,5,0
E1124,25,Male,6,200000.0,0,0,4,0
E1125,48,Female,80,200000.0,0,0,4,0
E1126,25,Male,6,200000.0,1,0,3,1
E1127,37,Female,58,200000.0,0,0,4,1
E1128,28,Male,9,200000.0,1,1,3,1
E1129,34,Male,35,200000.0,0,0,3,0
E1130,37,Male,28,200000.0,0,0,3,0
E1131,37,Female,49,200000.0,0,0,5,1
E1132,38,Male,31,200000.0,0,0,3,0
E1133,47,Female,52,200000.0,0,0,4,1
E1134,38,Male,43,200000.0,0,0,4,1
E1135,33,Female,41,200000.0,0,0,3,1
E1136,42,Male,40,200000.0,0,0,4,0
E1137,44,Female,40,200000.0,0,0,4,1
E1138,25,Female,10,200000.0,1,0,3,0
E1139,39,Female,46,200000.0,0,0,3,1
E1140,40,Male,68,200000.0,0,0,4,1
E1141,32,Male,18,200000.0,0,0,3,1
E1142,46,Male,74,200000.0,0,0,5,0
E1143,33,Female,22,200000.0,0,0,4,0
E1144,36,Male,26,200000.0,0,0,3,1
E1145,33,Female,35,200000.0,0,0,3,1
E1146,35,Male,38,200000.0,0,0,3,0
E1147,26,Male,13,200000.0,1,1,3,1
E1148,23,Male,2,200000.0,1,1,3,0
E1149,47,Female,65,200000.0,0,0,4,1
E1150,28,Female,15,200000.0,1,0,3,0
E1151,27,Female,19,200000.0,1,1,3,0
E1152,20,Male,1,200000.0,1,1,3,1
E1153,29,Female,15,200000.0,1,1,2,0
E1154,24,Female,4,200000.0,1,1,3,0
E1155,48,Male,75,200000.0,0,0,4,1
E1156,43,Female,44,200000.0,0,0,4,0
E1157,29,Female,26,200000.0,1,0,3,1
E1158,53,Female,67,200000.0,0,0,4,1
E1159,42,Female,74,200000.0,0,0,4,1
E1160,32,Male,17,200000.0,0,0,4,1
E1161,20,Male,1,200000.0,0,0,4,0
E1162,53,Female,116,200000.0,0,0,5,1
E1163,23,Male,1,200000.0,0,0,3,0
E1164,21,Female,1,200000.0,1,0,3,0
E1165,43,Female,55,200000.0,0,0,4,1
E1166,54,Female,123,200000.0,0,0,5,1
E1167,46,Female,76,200000.0,0,0,4,1
E1168,39,Male,38,200000.0,0,0,4,1
E1169,39,Male,33,200000.0,0,0,4,1
E1170,41,Male,42,200000.0,0,0,4,0
E1171,41,Male,32,200000.0,0,0,4,1
E1172,37,Male,27,200000.0,0,0,3,0
E1173,35,Male,22,200000.0,0,0,4,1
E1174,34,Female,30,200000.0,0,0,3,1
E1175,28,Female,20,200000.0,1,1,4,1
E1176,32,Male,18,200000.0,0,0,4,0
E1177,21,Male,1,200000.0,1,1,4,0
E1178,34,Female,37,200000.0,0,0,4,0
E1179,27,Male,9,200000.0,1,1,3,0
E1180,26,Male,6,200000.0,1,0,2,0
E1181,36,Male,26,200000.0,0,0,3,1
E1182,46,Female,91,200000.0,0,0,5,0
E1183,42,Male,71,200000.0,0,0,4,1
E1184,22,Female,1,200000.0,1,1,3,1
E1185,27,Male,15,200000.0,1,1,4,0
E1186,42,Male,56,200000.0,0,0,4,0
E1187,27,Male,15,200000.0,1,1,4,1
E1188,33,Male,35,200000.0,0,0,2,1
E1189,39,Female,52,200000.0,0,0,3,1
E1190,27,Female,10,200000.0,0,0,3,0
E1191,35,Female,20,200000.0,0,0,3,0
E1192,24,Female,5,200000.0,1,1,3,1
E1193,30,Female,29,200000.0,0,0,4,1
E1194,37,Female,43,200000.0,0,0,4,1
E1195,22,Female,1,200000.0,1,1,3,0
E1196,38,Male,63,200000.0,0,0,3,1
E1197,34,Male,22,192750.53335249244,0,0,3,0
E1198,39,Male,54,200000.0,0,0,4,1
E1199,36,Female,44,200000.0,0,0,3,1
E1200,45,Male,90,200000.0,0,0,4,0
E1201,36,Male,55,200000.0,0,0,4,1
E1202,31,Female,28,200000.0,0,0,4,1
E1203,35,Female,27,200000.0,0,0,4,1
E1204,39,Female,59,200000.0,0,0,4,1
E1205,35,Male,22,200000.0,0,0,4,1
E1206,35,Female,44,200000.0,0,0,4,1
E1207,29,Male,26,200000.0,1,1,3,0
E1208,29,Male,17,200000.0,0,0,4,1
E1209,23,Male,3,200000.0,1,1,3,1
E1210,48,Male,66,176206.39977912128,0,0,4,0
E1211,25,Male,7,200000.0,1,0,3,0
E1212,29,Female,15,200000.0,1,1,4,0
E1213,29,Male,23,200000.0,1,1,3,0
E1214,42,Female,76,200000.0,0,0,3,0
E1215,32,Male,38,200000.0,0,0,4,1
E1216,44,Male,42,200000.0,0,0,3,0
E1217,29,Male,25,200000.0,1,1,4,1
E1218,37,Male,50,200000.0,0,0,4,0
E1219,28,Female,12,200000.0,0,0,4,1
E1220,52,Male,50,200000.0,0,0,4,0
E1221,25,Male,6,200000.0,0,0,3,1
E1222,37,Male,56,200000.0,0,0,4,0
E1223,40,Male,55,200000.0,0,0,4,0
E1224,38,Female,52,200000.0,0,0,3,1
E1225,33,Male,23,200000.0,0,0,3,1
E1226,33,Female,36,200000.0,0,0,3,0
E1227,35,Female,20,200000.0,0,0,3,0
E1228,33,Female,26,200000.0,0,0,3,1
E1229,42,Female,61,200000.0,0,0,3,1
E1230,52,Female,55,200000.0,0,0,5,1
E1231,30,Female,28,200000.0,0,0,4,1
E1232,24,Female,4,200000.0,1,0,3,0
E1233,34,Male,37,200000.0,0,0,4,0
E1234,55,Male,82,200000.0,0,0,4,0
E1235,28,Male,17,200000.0,1,0,4,0
E1236,48,Female,45,200000.0,0,0,3,0
E1237,48,Female,40,200000.0,0,0,4,0
E1238,30,Male,30,200000.0,0,0,3,1
E1239,39,Female,36,200000.0,0,0,3,1
E1240,48,Male,92,200000.0,0,0,4,1
E1241,31,Male,35,200000.0,0,0,3,1
E1242,33,Female,22,200000.0,0,0,3,0
E1243,30,Male,17,200000.0,0,0,3,0
E1244,26,Male,12,200000.0,0,0,3,0
E1245,29,Female,27,200000.0,1,1,4,0
E1246,25,Female,11,200000.0,1,0,3,1
E1247,35,Male,35,200000.0,0,0,3,0
E1248,28,Female,20,200000.0,1,1,4,0
E1249,36,Male,25,200000.0,0,0,3,1
E1250,22,Male,1,200000.0,1,1,3,1
E1251,37,Male,58,200000.0,0,0,4,1
E1252,41,Female,36,200000.0,0,0,4,0
E1253,20,Male,1,200000.0,0,0,3,1
E1254,37,Female,26,200000.0,0,0,3,0
E1255,44,Female,47,200000.0,0,0,4,1
E1256,25,Female,10,200000.0,1,0,3,0
E1257,48,Male,63,200000.0,0,0,4,0
E1258,38,Female,27,200000.0,0,0,3,1
E1259,29,Male,16,200000.0,0,0,4,1
E1260,34,Male,47,200000.0,0,0,4,1
E1261,39,Male,52,200000.0,0,0,4,0
E1262,35,Male,33,200000.0,0,0,4,0
E1263,39,Female,32,200000.0,0,0,3,1
E1264,27,Male,19,200000.0,1,1,5,0
E1265,36,Male,49,200000.0,0,0,3,0
E1266,23,Female,2,200000.0,1,0,3,0
E1267,34,Male,20,200000.0,0,0,2,1
E1268,27,Female,8,200000.0,1,1,3,1
E1269,29,Male,12,200000.0,0,0,3,0
E1270,44,Female,64,200000.0,0,0,4,0
E1271,43,Female,80,200000.0,0,0,4,0
E1272,39,Male,46,200000.0,0,0,3,0
E1273,26,Male,14,200000.0,1,1,3,0
E1274,32,Male,26,155242.97055206838,0,0,3,0
E1275,44,Female,71,200000.0,0,0,3,1
E1276,36,Male,46,200000.0,0,0,3,1
E1277,53,Male,59,200000.0,0,0,4,0
E1278,38,Male,38,200000.0,0,0,5,0
E1279,36,Male,43,200000.0,0,0,4,1
E1280,32,Male,16,200000.0,0,0,3,0
E1281,36,Female,33,200000.0,0,0,3,0
E1282,33,Male,31,200000.0,0,0,3,1
E1283,40,Male,71,200000.0,0,0,4,0
E1284,42,Female,53,200000.0,0,0,4,1
E1285,28,Female,21,200000.0,1,0,3,1
E1286,24,Male,5,200000.0,1,1,4,1
E1287,20,Male,1,200000.0,1,0,3,1
E1288,39,Male,50,200000.0,0,0,4,0
E1289,26,Female,14,200000.0,1,1,3,1
E1290,20,Male,1,200000.0,1,0,3,0
E1291,38,Female,48,179670.99325099803,0,0,5,0
E1292,54,Female,98,200000.0,0,0,4,1
E1293,34,Male,30,200000.0,0,0,3,1
E1294,41,Male,35,200000.0,0,0,3,1
E1295,35,Male,22,200000.0,0,0,5,0
E1296,34,Male,18,200000.0,0,0,4,0
E1297,42,Male,73,200000.0,0,0,5,0
E1298,32,Female,20,200000.0,0,0,3,1
E1299,37,Female,30,200000.0,0,0,5,1
E1300,37,Female,50,200000.0,0,0,4,0
E1301,29,Female,16,200000.0,1,1,4,1
E1302,42,Male,55,200000.0,0,0,4,0
E1303,33,Male,20,200000.0,0,0,3,1
E1304,28,Male,23,200000.0,1,1,3,1
E1305,39,Female,61,200000.0,0,0,4,0
E1306,27,Female,18,200000.0,1,0,4,0
E1307,35,Female,32,200000.0,0,0,4,1
E1308,34,Male,40,200000.0,0,0,4,1
E1309,43,Male,39,200000.0,0,0,4,0
E1310,38,Female,24,200000.0,0,0,2,1
E1311,34,Male,18,200000.0,0,0,4,1
E1312,41,Female,56,200000.0,0,0,4,0
E1313,46,Female,63,200000.0,0,0,5,1
E1314,39,Female,47,200000.0,0,0,4,1
E1315,35,Male,19,200000.0,0,0,3,0
E1316,24,Male,5,170707.07549231232,1,0,3,0
E1317,26,Male,13,200000.0,0,0,4,0
E1318,32,Male,26,200000.0,0,0,3,1
E1319,30,Male,26,200000.0,0,0,4,1
E1320,33,Female,22,200000.0,0,0,4,1
E1321,35,Female,45,200000.0,0,0,3,0
E1322,39,Male,50,200000.0,0,0,3,0
E1323,34,Male,24,200000.0,0,0,4,1
E1324,38,Male,33,196600.51207219434,0,0,4,1
E1325,35,Male,39,200000.0,0,0,4,1
E1326,20,Female,1,200000.0,0,0,3,0
E1327,27,Male,12,200000.0,1,1,3,0
E1328,33,Male,23,200000.0,0,0,3,1
E1329,25,Male,11,200000.0,0,0,4,1
E1330,39,Female,53,200000.0,0,0,3,1
E1331,47,Female,65,200000.0,0,0,4,0
E1332,44,Male,59,200000.0,0,0,4,1
E1333,33,Male,22,200000.0,0,0,4,1
E1334,46,Female,73,200000.0,0,0,4,0
E1335,36,Female,33,200000.0,0,0,3,1
E1336,32,Male,39,200000.0,0,0,3,0
E1337,30,Female,21,200000.0,0,0,3,1
E1338,32,Female,27,200000.0,0,0,3,0
E1339,31,Female,26,200000.0,0,0,3,1
E1340,36,Female,53,200000.0,0,0,5,1
E1341,36,Female,49,200000.0,0,0,3,0
E1342,35,Male,34,200000.0,0,0,3,1
E1343,38,Female,52,200000.0,0,0,4,1
E1344,44,Male,65,200000.0,0,0,4,1
E1345,42,Female,54,200000.0,0,0,3,1
E1346,23,Male,1,200000.0,1,1,3,1
E1347,20,Female,1,200000.0,0,0,3,1
E1348,42,Female,42,200000.0,0,0,3,1
E1349,24,Male,7,200000.0,1,1,4,1
E1350,33,Female,25,200000.0,0,0,3,0
E1351,25,Male,11,200000.0,1,0,4,0
E1352,20,Female,1,200000.0,1,1,3,1
E1353,39,Male,52,200000.0,0,0,4,1
E1354,41,Male,54,200000.0,0,0,2,1
E1355,30,Female,14,200000.0,0,0,3,1
E1356,20,Male,1,200000.0,1,0,4,0
E1357,30,Female,13,200000.0,0,0,3,0
E1358,38,Male,48,200000.0,0,0,5,1
E1359,23,Male,2,200000.0,1,1,4,1
E1360,36,Male,48,200000.0,0,0,3,1
E1361,34,Female,24,150040.53668822322,0,0,3,1
E1362,39,Male,32,200000.0,0,0,3,0
E1363,35,Male,32,200000.0,0,0,3,0
E1364,27,Male,19,200000.0,1,1,3,1
E1365,44,Male,72,200000.0,0,0,4,0
E1366,33,Female,28,200000.0,0,0,3,0
E1367,34,Female,33,200000.0,0,0,4,0
E1368,27,Male,8,200000.0,1,1,3,1
E1369,31,Female,35,200000.0,0,0,3,0
E1370,27,Male,15,200000.0,1,1,4,1
E1371,33,Female,24,200000.0,0,0,4,1
E1372,48,Female,77,200000.0,0,0,5,1
E1373,24,Female,3,200000.0,0,0,3,0
E1374,22,Male,1,200000.0,1,1,3,1
E1375,46,Female,46,200000.0,0,0,4,0
E1376,33,Male,34,200000.0,0,0,3,0
E1377,29,Female,14,200000.0,1,0,4,0
E1378,43,Male,69,200000.0,0,0,4,1
E1379,30,Female,27,200000.0,0,0,4,1
E1380,49,Female,85,200000.0,0,0,4,0
E1381,40,Female,54,200000.0,0,0,4,0
E1382,31,Male,33,200000.0,0,0,3,1
E1383,52,Female,50,200000.0,0,0,4,0
E1384,30,Male,18,151777.83954553146,0,0,2,1
E1385,40,Female,38,200000.0,0,0,3,0
E1386,37,Male,59,200000.0,0,0,5,0
E1387,45,Male,56,200000.0,0,0,4,1
E1388,47,Male,83,200000.0,0,0,4,0
E1389,35,Male,41,200000.0,0,0,3,0
E1390,28,Male,12,200000.0,0,0,3,1
E1391,38,Male,33,200000.0,0,0,4,0
E1392,29,Male,15,200000.0,1,1,3,1
E1393,51,Female,73,200000.0,0,0,4,1
E1394,36,Female,29,200000.0,0,0,4,1
E1395,32,Male,15,200000.0,0,0,3,1
E1396,36,Male,51,200000.0,0,0,4,1
E1397,24,Male,7,200000.0,0,0,3,1
E1398,27,Male,11,200000.0,1,1,4,0
E1399,44,Female,51,200000.0,0,0,4,1
E1400,29,Female,10,200000.0,0,0,3,0
E1401,26,Male,12,200000.0,0,0,3,1
E1402,39,Male,60,200000.0,0,0,4,1
E1403,44,Male,41,200000.0,0,0,3,1
E1404,40,Female,34,200000.0,0,0,4,1
E1405,42,Female,69,200000.0,0,0,3,1
E1406,28,Male,18,200000.0,1,1,3,0
E1407,23,Male,1,200000.0,0,0,3,0
E1408,47,Female,76,200000.0,0,0,4,0
E1409,32,Female,22,200000.0,0,0,3,1
E1410,32,Male,24,200000.0,0,0,3,1
E1411,45,Male,78,200000.0,0,0,5,0
E1412,39,Male,59,200000.0,0,0,4,0
E1413,38,Female,40,200000.0,0,0,4,0
E1414,52,Male,116,200000.0,0,0,3,1
E1415,29,Male,17,200000.0,0,0,3,1
E1416,42,Female,68,200000.0,0,0,3,1
E1417,35,Male,35,200000.0,0,0,4,0
E1418,37,Female,56,200000.0,0,0,5,1
E1419,47,Male,94,200000.0,0,0,4,0
E1420,39,Male,29,200000.0,0,0,3,1
E1421,39,Female,65,200000.0,0,0,4,0
E1422,43,Male,74,200000.0,0,0,5,1
E1423,32,Female,34,200000.0,0,0,4,1
E1424,28,Male,12,200000.0,1,1,4,0
E1425,26,Male,14,200000.0,1,0,3,0
E1426,20,Female,1,200000.0,0,0,3,0
E1427,51,Male,64,200000.0,0,0,4,1
E1428,26,Female,15,200000.0,1,1,4,1
E1429,33,Male,17,200000.0,0,0,2,0
E1430,32,Male,18,200000.0,0,0,3,0
E1431,37,Male,42,200000.0,0,0,4,0
E1432,41,Male,55,200000.0,0,0,4,1
E1433,41,Female,59,200000.0,0,0,4,1
E1434,30,Female,12,200000.0,0,0,3,1
E1435,33,Male,42,200000.0,0,0,4,1
E1436,37,Male,24,200000.0,0,0,3,1
E1437,33,Female,20,200000.0,0,0,2,1
E1438,47,Female,38,200000.0,0,0,4,0
E1439,38,Male,46,200000.0,0,0,4,1
E1440,40,Male,68,200000.0,0,0,4,0
E1441,40,Male,56,200000.0,0,0,4,0
E1442,44,Female,78,200000.0,0,0,4,0
E1443,36,Male,21,200000.0,0,0,3,1
E1444,24,Male,5,200000.0,0,0,3,0
E1445,38,Female,42,200000.0,0,0,3,0
E1446,29,Male,19,200000.0,0,0,3,0
E1447,30,Male,13,200000.0,0,0,3,0
E1448,39,Male,54,200000.0,0,0,4,0
E1449,44,Male,60,200000.0,0,0,3,1
E1450,35,Male,44,200000.0,0,0,3,0
E1451,37,Male,40,200000.0,0,0,3,1
E1452,48,Male,48,200000.0,0,0,4,1
E1453,36,Female,43,200000.0,0,0,3,0
E1454,55,Female,63,200000.0,0,0,5,0
E1455,39,Female,62,200000.0,0,0,5,1
E1456,20,Male,1,200000.0,1,0,3,0
E1457,41,Male,35,200000.0,0,0,3,0
E1458,38,Male,62,200000.0,0,0,5,0
E1459,45,Male,64,200000.0,0,0,5,0
E1460,40,Male,30,200000.0,0,0,3,1
E1461,33,Female,33,200000.0,0,0,4,1
E1462,25,Male,6,200000.0,1,0,3,0
E1463,33,Male,38,170864.70714593577,0,0,2,0
E1464,28,Male,21,200000.0,1,1,3,1
E1465,30,Female,31,200000.0,0,0,4,0
E1466,39,Male,46,200000.0,0,0,3,0
E1467,48,Female,68,200000.0,0,0,4,0
E1468,38,Male,54,194890.70505650446,0,0,4,1
E1469,25,Female,5,200000.0,1,0,3,0
E1470,38,Female,45,200000.0,0,0,3,0
E1471,44,Male,63,200000.0,0,0,4,1
E1472,30,Male,13,200000.0,0,0,3,0
E1473,33,Male,27,200000.0,0,0,3,1
E1474,35,Male,47,200000.0,0,0,4,1
E1475,28,Female,21,200000.0,1,1,4,1
E1476,40,Female,31,200000.0,0,0,4,0
E1477,34,Female,20,200000.0,0,0,3,1
E1478,38,Female,34,200000.0,0,0,3,1
E1479,27,Male,18,200000.0,0,0,3,0
E1480,31,Male,16,200000.0,0,0,4,0
E1481,40,Female,59,200000.0,0,0,4,0
E1482,32,Male,17,200000.0,0,0,4,0
E1483,48,Female,79,200000.0,0,0,5,0
E1484,31,Male,21,200000.0,0,0,4,1
E1485,36,Male,48,200000.0,0,0,4,0
E1486,42,Female,41,200000.0,0,0,4,1
E1487,23,Male,3,200000.0,1,1,3,1
E1488,20,Female,1,200000.0,1,1,2,1
E1489,22,Female,1,200000.0,0,0,3,1
E1490,45,Female,84,200000.0,0,0,5,1
E1491,30,Female,14,200000.0,0,0,3,0
E1492,55,Female,120,200000.0,0,0,5,0
E1493,30,Female,23,200000.0,0,0,4,1
E1494,36,Male,25,200000.0,0,0,3,1
E1495,47,Male,64,200000.0,0,0,4,1
E1496,51,Female,55,200000.0,0,0,4,1
E1497,51,Male,94,200000.0,0,0,4,0
E1498,44,Male,74,200000.0,0,0,4,0
E1499,43,Male,37,200000.0,0,0,4,1
E1500,39,Female,47,200000.0,0,0,3,0
E1501,41,Female,67,200000.0,0,0,3,0
E1502,30,Male,30,200000.0,0,0,3,0
E1503,28,Female,16,200000.0,0,0,3,0
E1504,34,Female,46,200000.0,0,0,4,1
E1505,33,Female,31,200000.0,0,0,4,1
E1506,31,Female,22,149788.93135473298,0,0,3,1
E1507,40,Female,65,200000.0,0,0,4,1
E1508,42,Male,54,200000.0,0,0,3,1
E1509,35,Female,34,200000.0,0,0,4,0
E1510,46,Male,65,200000.0,0,0,4,0
E1511,25,Female,10,200000.0,1,0,3,1
E1512,33,Female,39,200000.0,0,0,4,0
E1513,29,Male,17,200000.0,1,1,4,1
E1514,20,Male,1,200000.0,1,1,2,0
E1515,34,Female,32,200000.0,0,0,2,0
E1516,34,Male,35,200000.0,0,0,3,1
E1517,47,Female,52,200000.0,0,0,4,1
E1518,40,Male,62,200000.0,0,0,4,1
E1519,26,Male,10,200000.0,1,1,4,1
E1520,49,Female,63,200000.0,0,0,4,0
E1521,44,Female,38,200000.0,0,0,3,1
E1522,39,Female,35,200000.0,0,0,2,1
E1523,33,Male,42,200000.0,0,0,4,1
E1524,27,Female,11,200000.0,1,1,4,1
E1525,32,Female,19,200000.0,0,0,3,0
E1526,43,Female,55,200000.0,0,0,4,1
E1527,50,Female,63,200000.0,0,0,4,1
E1528,47,Female,39,200000.0,0,0,3,0
E1529,31,Male,20,200000.0,0,0,4,1
E1530,26,Male,11,200000.0,1,0,4,0
E1531,36,Female,40,200000.0,0,0,4,0
E1532,20,Male,1,200000.0,1,1,2,1
E1533,37,Female,39,200000.0,0,0,4,0
E1534,33,Male,43,200000.0,0,0,3,1
E1535,31,Female,21,200000.0,0,0,3,1
E1536,22,Female,1,200000.0,0,0,3,0
E1537,39,Male,35,200000.0,0,0,4,0
E1538,30,Male,21,200000.0,0,0,3,1
E1539,25,Male,10,200000.0,1,1,3,0
E1540,20,Female,1,200000.0,1,0,3,0
E1541,34,Female,39,200000.0,0,0,3,0
E1542,49,Male,41,200000.0,0,0,3,0
E1543,48,Female,66,200000.0,0,0,4,0
E1544,31,Male,30,200000.0,0,0,3,1
E1545,30,Male,18,182059.49732574789,0,0,3,1
E1546,38,Female,46,200000.0,0,0,3,1
E1547,27,Male,10,200000.0,1,1,3,1
E1548,37,Male,50,200000.0,0,0,4,1
E1549,41,Male,30,200000.0,0,0,3,1
E1550,44,Male,79,200000.0,0,0,4,1
E1551,34,Male,23,200000.0,0,0,3,1
E1552,33,Male,40,200000.0,0,0,4,1
E1553,27,Female,11,200000.0,1,1,3,1
E1554,28,Male,19,200000.0,1,1,3,1
E1555,33,Male,25,200000.0,0,0,3,1
E1556,37,Male,56,200000.0,0,0,3,1
E1557,42,Male,36,200000.0,0,0,3,1
E1558,28,Female,11,200000.0,1,1,4,0
E1559,46,Female,65,200000.0,0,0,4,0
E1560,32,Male,17,200000.0,0,0,3,0
E1561,34,Female,23,200000.0,0,0,3,0
E1562,29,Female,27,200000.0,0,0,3,0
E1563,20,Female,1,200000.0,1,0,3,1
E1564,42,Male,48,200000.0,0,0,4,0
E1565,40,Male,68,200000.0,0,0,3,1
E1566,32,Male,28,163223.51534267905,0,0,4,0
E1567,35,Female,28,200000.0,0,0,4,0
E1568,39,Male,55,200000.0,0,0,3,1
E1569,22,Female,1,200000.0,1,0,2,0
E1570,30,Male,31,200000.0,0,0,3,0
E1571,41,Male,41,200000.0,0,0,3,0
E1572,24,Female,6,200000.0,1,0,4,0
E1573,37,Male,24,200000.0,0,0,4,1
E1574,24,Male,3,200000.0,1,0,2,1
E1575,38,Female,24,200000.0,0,0,3,0
E1576,34,Female,47,200000.0,0,0,4,0
E1577,22,Female,1,200000.0,1,0,3,1
E1578,44,Female,76,200000.0,0,0,3,0
E1579,29,Female,19,200000.0,1,1,3,0
E1580,28,Female,13,200000.0,1,1,3,1
E1581,36,Male,26,200000.0,0,0,3,1
E1582,44,Male,48,200000.0,0,0,4,1
E1583,26,Male,9,200000.0,0,0,4,1
E1584,35,Male,44,200000.0,0,0,4,1
E1585,38,Female,45,200000.0,0,0,4,1
E1586,40,Female,30,200000.0,0,0,3,1
E1587,36,Female,21,200000.0,0,0,4,0
E1588,32,Male,17,200000.0,0,0,3,0
E1589,28,Female,15,200000.0,0,0,3,0
E1590,35,Male,49,200000.0,0,0,3,1
E1591,26,Female,12,200000.0,0,0,3,0
E1592,20,Female,1,200000.0,1,1,3,0
E1593,38,Male,42,200000.0,0,0,5,1
E1594,42,Male,48,200000.0,0,0,4,1
E1595,20,Male,1,200000.0,0,0,3,0
E1596,26,Female,14,200000.0,0,0,3,0
E1597,39,Female,58,200000.0,0,0,4,0
E1598,51,Female,55,170422.81860613383,0,0,5,0
E1599,35,Male,36,200000.0,0,0,3,0
E1600,29,Male,19,200000.0,1,0,4,1
E1601,33,Female,33,200000.0,0,0,3,1
E1602,45,Female,88,200000.0,0,0,4,0
E1603,29,Male,20,200000.0,1,1,4,0
E1604,28,Male,17,200000.0,0,0,3,1
E1605,31,Female,14,200000.0,0,0,3,1
E1606,27,Male,8,200000.0,0,0,4,1
E1607,35,Male,25,189170.28604228856,0,0,4,0
E1608,47,Male,39,200000.0,0,0,4,1
E1609,37,Male,50,200000.0,0,0,4,1
E1610,32,Female,33,200000.0,0,0,4,1
E1611,32,Female,18,200000.0,0,0,4,0
E1612,22,Female,1,200000.0,1,1,3,0
E1613,42,Male,37,200000.0,0,0,4,0
E1614,34,Male,27,200000.0,0,0,3,1
E1615,33,Male,23,182218.82304275132,0,0,3,0
E1616,60,Male,92,200000.0,0,0,4,0
E1617,37,Female,32,200000.0,0,0,4,0
E1618,28,Male,16,200000.0,1,0,2,0
E1619,31,Male,22,200000.0,0,0,3,0
E1620,44,Male,87,200000.0,0,0,3,0
E1621,35,Male,21,200000.0,0,0,3,0
E1622,23,Male,1,200000.0,1,1,3,1
E1623,42,Male,32,200000.0,0,0,4,1
E1624,29,Female,21,200000.0,1,1,4,0
E1625,49,Male,44,200000.0,0,0,3,0
E1626,43,Male,75,200000.0,0,0,5,0
E1627,31,Female,25,200000.0,0,0,3,1
E1628,45,Female,64,200000.0,0,0,4,1
E1629,35,Female,37,200000.0,0,0,3,1
E1630,41,Female,36,200000.0,0,0,3,1
E1631,38,Male,31,200000.0,0,0,3,1
E1632,28,Male,13,200000.0,0,0,3,0
E1633,29,Male,20,200000.0,0,0,3,1
E1634,43,Female,42,200000.0,0,0,4,0
E1635,32,Female,17,200000.0,0,0,3,1
E1636,31,Male,35,200000.0,0,0,2,1
E1637,27,Male,7,200000.0,1,1,3,0
E1638,38,Female,56,200000.0,0,0,3,0
E1639,51,Male,100,200000.0,0,0,4,1
E1640,26,Female,8,200000.0,1,1,3,1
E1641,35,Female,23,200000.0,0,0,3,1
E1642,46,Female,44,200000.0,0,0,3,1
E1643,34,Female,38,200000.0,0,0,4,0
E1644,38,Female,49,200000.0,0,0,3,0
E1645,26,Male,13,172787.47653159598,0,0,3,0
E1646,38,Female,61,200000.0,0,0,5,0
E1647,33,Female,35,200000.0,0,0,3,0
E1648,42,Male,37,200000.0,0,0,3,1
E1649,44,Male,46,200000.0,0,0,2,0
E1650,55,Male,118,200000.0,0,0,5,1
E1651,39,Male,34,200000.0,0,0,4,0
E1652,37,Female,25,200000.0,0,0,4,1
E1653,36,Female,45,200000.0,0,0,4,0
E1654,32,Male,25,200000.0,0,0,4,1
E1655,37,Male,57,200000.0,0,0,5,0
E1656,32,Female,31,190468.92828869677,0,0,4,1
E1657,36,Male,24,200000.0,0,0,3,0
E1658,45,Male,89,200000.0,0,0,4,0
E1659,26,Female,8,200000.0,0,0,3,0
E1660,44,Male,51,200000.0,0,0,3,0
E1661,45,Male,57,200000.0,0,0,4,0
E1662,34,Male,19,200000.0,0,0,3,0
E1663,20,Male,1,200000.0,1,0,3,1
E1664,30,Female,14,200000.0,0,0,4,0
E1665,45,Male,57,200000.0,0,0,4,1
E1666,34,Male,28,200000.0,0,0,3,1
E1667,27,Female,17,200000.0,1,0,4,0
E1668,30,Female,28,200000.0,0,0,2,0
E1669,41,Male,35,200000.0,0,0,3,1
E1670,39,Male,41,200000.0,0,0,4,0
E1671,33,Female,26,200000.0,0,0,3,0
E1672,32,Male,18,200000.0,0,0,3,0
E1673,31,Male,31,200000.0,0,0,4,1
E1674,27,Female,16,200000.0,1,1,3,1
E1675,47,Female,49,200000.0,0,0,4,0
E1676,32,Female,24,200000.0,0,0,3,0
E1677,44,Female,38,200000.0,0,0,3,1
E1678,47,Female,76,200000.0,0,0,5,1
E1679,42,Male,36,200000.0,0,0,3,0
E1680,31,Female,35,200000.0,0,0,4,0
E1681,38,Male,55,200000.0,0,0,4,0
E1682,34,Male,29,200000.0,0,0,3,1
E1683,27,Female,14,200000.0,1,1,4,1
E1684,37,Female,56,200000.0,0,0,3,1
E1685,25,Male,8,200000.0,1,0,3,1
E1686,44,Female,42,200000.0,0,0,4,1
E1687,31,Male,22,200000.0,0,0,3,0
E1688,36,Male,50,200000.0,0,0,4,0
E1689,37,Male,46,200000.0,0,0,4,1
E1690,32,Female,31,200000.0,0,0,4,0
E1691,39,Female,62,200000.0,0,0,4,1
E1692,31,Male,33,200000.0,0,0,4,1
E1693,41,Female,72,200000.0,0,0,4,1
E1694,24,Male,3,200000.0,1,1,4,1
E1695,36,Female,40,200000.0,0,0,3,1
E1696,50,Male,93,200000.0,0,0,5,1
E1697,26,Male,13,200000.0,1,1,3,1
E1698,29,Female,21,200000.0,1,1,3,1
E1699,39,Male,32,200000.0,0,0,3,1
E1700,36,Male,48,200000.0,0,0,4,0
E1701,37,Female,49,200000.0,0,0,4,1
E1702,38,Female,27,200000.0,0,0,3,0
E1703,40,Male,47,200000.0,0,0,4,1
E1704,43,Male,40,200000.0,0,0,2,1
E1705,38,Male,37,200000.0,0,0,4,0
E1706,33,Male,16,200000.0,0,0,3,0
E1707,40,Male,45,200000.0,0,0,4,0
E1708,50,Female,80,200000.0,0,0,4,0
E1709,33,Female,33,200000.0,0,0,3,0
E1710,27,Male,15,200000.0,0,0,4,0
E1711,43,Male,75,200000.0,0,0,5,1
E1712,34,Male,24,200000.0,0,0,3,0
E1713,20,Male,1,200000.0,1,1,3,0
E1714,41,Female,68,200000.0,0,0,4,1
E1715,30,Male,15,200000.0,0,0,4,0
E1716,34,Male,47,200000.0,0,0,3,1
E1717,37,Female,54,200000.0,0,0,4,0
E1718,36,Male,38,200000.0,0,0,4,0
E1719,40,Female,71,200000.0,0,0,5,1
E1720,31,Male,15,200000.0,0,0,3,0
E1721,39,Female,38,200000.0,0,0,3,0
E1722,32,Female,30,200000.0,0,0,4,0
E1723,40,Female,42,200000.0,0,0,3,0
E1724,39,Female,64,200000.0,0,0,5,0
E1725,27,Male,8,200000.0,1,1,3,0
E1726,43,Male,60,200000.0,0,0,4,1
E1727,30,Female,23,200000.0,0,0,3,0
E1728,41,Female,59,200000.0,0,0,3,0
E1729,37,Male,32,200000.0,0,0,3,0
E1730,49,Male,65,200000.0,0,0,4,0
E1731,33,Male,39,200000.0,0,0,4,0
E1732,32,Male,19,200000.0,0,0,3,1
E1733,34,Male,42,200000.0,0,0,4,0
E1734,32,Female,29,200000.0,0,0,3,0
E1735,41,Male,64,200000.0,0,0,4,0
E1736,22,Male,1,200000.0,1,1,4,1
E1737,26,Female,8,200000.0,1,0,3,1
E1738,26,Female,11,200000.0,0,0,4,0
E1739,42,Female,73,200000.0,0,0,4,0
E1740,48,Female,67,200000.0,0,0,3,1
E1741,34,Male,46,200000.0,0,0,3,0
E1742,33,Female,28,200000.0,0,0,4,1
E1743,35,Male,24,200000.0,0,0,3,1
E1744,44,Male,54,200000.0,0,0,4,0
E1745,27,Female,19,200000.0,1,1,4,0
E1746,36,Female,32,200000.0,0,0,4,1
E1747,42,Male,73,200000.0,0,0,5,1
E1748,39,Male,62,200000.0,0,0,4,0
E1749,36,Male,33,200000.0,0,0,3,0
E1750,43,Male,35,200000.0,0,0,3,1
E1751,20,Male,1,200000.0,1,1,3,0
E1752,40,Female,41,200000.0,0,0,4,1
E1753,29,Male,24,190244.37401509675,1,1,4,1
E1754,20,Female,1,200000.0,1,1,3,0
E1755,39,Female,46,200000.0,0,0,4,0
E1756,45,Female,79,200000.0,0,0,3,0
E1757,33,Female,27,200000.0,0,0,4,0
E1758,42,Male,52,200000.0,0,0,3,0
E1759,47,Male,61,200000.0,0,0,4,0
E1760,45,Female,55,200000.0,0,0,4,1
E1761,48,Female,73,200000.0,0,0,4,0
E1762,40,Female,63,200000.0,0,0,4,1
E1763,35,Male,31,200000.0,0,0,4,0
E1764,22,Female,1,200000.0,1,1,3,0
E1765,33,Male,34,200000.0,0,0,4,1
E1766,28,Female,13,200000.0,0,0,3,0
E1767,52,Female,65,196233.09548541254,0,0,3,1
E1768,33,Male,42,200000.0,0,0,3,1
E1769,35,Female,43,200000.0,0,0,4,0
E1770,39,Male,50,200000.0,0,0,4,0
E1771,35,Male,40,200000.0,0,0,4,0
E1772,48,Male,40,200000.0,0,0,3,1
E1773,30,Female,24,200000.0,0,0,3,1
E1774,36,Female,38,200000.0,0,0,5,0
E1775,29,Female,20,200000.0,1,1,3,1
E1776,24,Male,4,200000.0,1,0,3,0
E1777,30,Female,13,200000.0,0,0,3,0
E1778,34,Female,23,200000.0,0,0,4,0
E1779,31,Male,34,200000.0,0,0,3,1
E1780,29,Female,17,200000.0,1,1,4,1
E1781,23,Male,2,200000.0,0,0,3,0
E1782,34,Female,19,200000.0,0,0,4,0
E1783,22,Male,1,200000.0,0,0,3,1
E1784,41,Male,62,200000.0,0,0,4,1
E1785,35,Male,36,200000.0,0,0,3,1
E1786,23,Female,2,200000.0,1,1,3,1
E1787,32,Male,21,200000.0,0,0,4,0
E1788,28,Male,20,200000.0,1,1,3,1
E1789,37,Female,28,200000.0,0,0,4,1
E1790,45,Female,45,200000.0,0,0,4,0
E1791,20,Male,1,200000.0,1,1,3,0
E1792,35,Male,28,200000.0,0,0,3,0
E1793,33,Male,23,200000.0,0,0,3,0
E1794,40,Male,56,200000.0,0,0,4,0
E1795,36,Female,43,200000.0,0,0,4,0
E1796,28,Female,21,200000.0,1,0,3,1
E1797,32,Female,25,200000.0,0,0,4,0
E1798,28,Male,10,200000.0,0,0,3,0
E1799,43,Female,45,200000.0,0,0,3,1
E1800,35,Female,51,200000.0,0,0,4,1
E1801,50,Female,83,200000.0,0,0,4,0
E1802,34,Female,39,200000.0,0,0,4,1
E1803,29,Female,10,200000.0,0,0,3,0
E1804,22,Female,1,200000.0,0,0,3,1
E1805,20,Male,1,200000.0,1,1,3,1
E1806,22,Female,1,200000.0,0,0,4,0
E1807,37,Male,57,200000.0,0,0,3,1
E1808,39,Female,66,200000.0,0,0,3,1
E1809,22,Male,1,200000.0,1,0,3,1
E1810,42,Female,52,200000.0,0,0,5,0
E1811,31,Female,34,200000.0,0,0,3,0
E1812,36,Male,44,200000.0,0,0,4,0
E1813,47,Male,41,200000.0,0,0,4,1
E1814,42,Female,53,200000.0,0,0,4,0
E1815,32,Female,21,200000.0,0,0,3,1
E1816,27,Male,13,200000.0,1,0,3,0
E1817,20,Male,1,200000.0,1,1,2,0
E1818,29,Female,20,200000.0,1,0,3,1
E1819,33,Male,26,200000.0,0,0,4,0
E1820,27,Male,9,200000.0,1,1,3,1
E1821,33,Male,30,200000.0,0,0,4,0
E1822,35,Male,46,200000.0,0,0,3,1
E1823,33,Male,34,200000.0,0,0,4,1
E1824,29,Male,16,200000.0,1,1,4,0
E1825,36,Male,53,200000.0,0,0,3,1
E1826,38,Male,60,200000.0,0,0,4,1
E1827,26,Male,8,200000.0,0,0,3,1
E1828,46,Male,38,200000.0,0,0,4,0
E1829,34,Male,40,200000.0,0,0,4,1
E1830,35,Female,46,200000.0,0,0,4,0
E1831,40,Male,70,200000.0,0,0,5,1
E1832,36,Male,52,200000.0,0,0,4,0
E1833,42,Male,60,200000.0,0,0,4,0
E1834,37,Male,42,200000.0,0,0,4,0
E1835,30,Female,12,200000.0,0,0,3,1
E1836,37,Female,31,200000.0,0,0,4,0
E1837,25,Female,7,200000.0,1,1,4,0
E1838,35,Female,39,200000.0,0,0,4,1
E1839,34,Female,34,200000.0,0,0,2,0
E1840,33,Male,36,200000.0,0,0,3,1
E1841,33,Male,24,200000.0,0,0,2,1
E1842,20,Male,1,200000.0,0,0,3,0
E1843,30,Male,13,200000.0,0,0,2,0
E1844,35,Male,32,200000.0,0,0,3,1
E1845,36,Female,47,200000.0,0,0,3,0
E1846,26,Male,12,200000.0,1,1,3,1
E1847,45,Female,91,200000.0,0,0,4,1
E1848,28,Female,13,200000.0,1,1,3,0
E1849,42,Male,54,200000.0,0,0,4,1
E1850,38,Male,37,200000.0,0,0,3,0
E1851,29,Male,18,200000.0,1,1,4,1
E1852,49,Male,98,200000.0,0,0,5,0
E1853,25,Male,9,200000.0,1,1,3,0
E1854,42,Male,74,200000.0,0,0,4,1
E1855,43,Male,42,200000.0,0,0,3,1
E1856,29,Male,25,200000.0,0,0,3,1
E1857,46,Female,39,200000.0,0,0,4,0
E1858,32,Female,37,200000.0,0,0,4,1
E1859,37,Female,34,200000.0,0,0,4,0
E1860,37,Male,34,200000.0,0,0,4,1
E1861,33,Male,30,200000.0,0,0,4,0
E1862,41,Female,73,200000.0,0,0,4,1
E1863,41,Male,30,200000.0,0,0,3,0
E1864,21,Male,1,200000.0,1,0,3,1
E1865,45,Female,83,200000.0,0,0,4,0
E1866,21,Female,1,200000.0,1,0,3,0
E1867,43,Male,41,200000.0,0,0,4,0
E1868,44,Male,56,200000.0,0,0,5,1
E1869,26,Male,9,200000.0,0,0,2,1
E1870,31,Male,34,200000.0,0,0,4,1
E1871,26,Male,13,200000.0,1,1,4,0
E1872,33,Male,30,200000.0,0,0,4,0
E1873,32,Male,39,200000.0,0,0,4,0
E1874,41,Female,50,200000.0,0,0,4,1
E1875,45,Female,37,200000.0,0,0,4,1
E1876,46,Female,51,200000.0,0,0,3,0
E1877,30,Male,20,200000.0,0,0,3,0
E1878,33,Male,20,200000.0,0,0,3,0
E1879,21,Male,1,200000.0,1,1,2,0
E1880,28,Male,20,200000.0,1,0,4,0
E1881,42,Male,43,177316.0659056284,0,0,4,0
E1882,47,Female,74,200000.0,0,0,4,0
E1883,25,Female,9,200000.0,0,0,3,1
E1884,30,Male,30,200000.0,0,0,3,0
E1885,34,Male,44,200000.0,0,0,4,0
E1886,37,Female,41,200000.0,0,0,4,1
E1887,28,Male,20,200000.0,1,1,4,1
E1888,38,Male,46,200000.0,0,0,4,1
E1889,31,Male,25,200000.0,0,0,4,1
E1890,34,Female,21,200000.0,0,0,4,0
E1891,39,Female,30,200000.0,0,0,3,0
E1892,35,Male,36,200000.0,0,0,4,0
E1893,31,Female,19,200000.0,0,0,3,1
E1894,34,Female,18,200000.0,0,0,3,0
E1895,34,Male,39,200000.0,0,0,4,1
E1896,32,Male,15,200000.0,0,0,3,0
E1897,32,Male,29,200000.0,0,0,4,0
E1898,47,Female,71,200000.0,0,0,4,0
E1899,39,Male,66,200000.0,0,0,4,1
E1900,32,Female,27,200000.0,0,0,3,1
E1901,40,Male,29,200000.0,0,0,3,1
E1902,32,Female,28,200000.0,0,0,3,0
E1903,44,Male,79,200000.0,0,0,5,0
E1904,37,Female,59,200000.0,0,0,4,1
E1905,34,Female,30,200000.0,0,0,4,0
E1906,38,Female,36,200000.0,0,0,3,0
E1907,22,Female,1,200000.0,1,1,2,0
E1908,25,Male,5,200000.0,1,1,3,1
E1909,25,Female,9,200000.0,1,0,3,0
E1910,36,Male,35,200000.0,0,0,4,0
E1911,48,Male,41,200000.0,0,0,4,0
E1912,52,Male,71,192471.5808462186,0,0,5,0
E1913,40,Male,38,200000.0,0,0,4,0
E1914,39,Male,54,200000.0,0,0,3,0
E1915,20,Female,1,200000.0,0,0,3,0
E1916,30,Male,17,200000.0,0,0,3,1
E1917,28,Female,21,200000.0,1,1,4,0
E1918,30,Male,13,200000.0,0,0,3,1
E1919,33,Male,31,200000.0,0,0,5,1
E1920,31,Male,15,200000.0,0,0,4,1
E1921,20,Female,1,200000.0,0,0,2,0
E1922,40,Female,61,200000.0,0,0,4,1
E1923,26,Female,12,200000.0,1,1,4,0
E1924,36,Female,49,200000.0,0,0,4,0
E1925,51,Male,90,200000.0,0,0,4,0
E1926,27,Male,19,200000.0,1,0,4,1
E1927,20,Female,1,200000.0,1,1,2,0
E1928,32,Male,38,190644.72196749624,0,0,3,0
E1929,43,Male,58,200000.0,0,0,4,1
E1930,50,Male,50,200000.0,0,0,3,0
E1931,25,Female,8,200000.0,1,1,2,0
E1932,38,Female,29,200000.0,0,0,4,1
E1933,31,Male,26,200000.0,0,0,3,0
E1934,34,Male,32,200000.0,0,0,4,0
E1935,56,Female,103,200000.0,0,0,4,1
E1936,22,Female,1,200000.0,1,1,3,0
E1937,37,Male,29,200000.0,0,0,2,1
E1938,38,Female,43,200000.0,0,0,4,0
E1939,43,Male,81,200000.0,0,0,4,1
E1940,35,Male,31,200000.0,0,0,3,0
E1941,37,Female,38,200000.0,0,0,4,0
E1942,31,Female,29,200000.0,0,0,4,0
E1943,37,Male,45,200000.0,0,0,4,0
E1944,32,Female,22,200000.0,0,0,3,0
E1945,39,Female,42,200000.0,0,0,4,0
E1946,32,Female,20,200000.0,0,0,3,1
E1947,38,Female,62,200000.0,0,0,5,1
E1948,34,Female,21,200000.0,0,0,3,0
E1949,44,Male,53,200000.0,0,0,4,0
E1950,34,Male,18,200000.0,0,0,4,1
E1951,20,Male,1,171615.0109571949,1,0,3,0
E1952,45,Male,79,200000.0,0,0,4,0
E1953,27,Female,10,200000.0,1,1,3,1
E1954,29,Male,11,200000.0,0,0,2,1
E1955,30,Male,21,200000.0,0,0,3,0
E1956,45,Male,35,200000.0,0,0,3,0
E1957,20,Male,1,200000.0,1,1,3,1
E1958,60,Male,133,200000.0,0,0,4,1
E1959,43,Female,72,200000.0,0,0,5,1
E1960,36,Male,53,200000.0,0,0,5,1
E1961,34,Female,43,200000.0,0,0,4,0
E1962,37,Female,48,200000.0,0,0,4,1
E1963,39,Male,27,200000.0,0,0,3,1
E1964,40,Male,62,200000.0,0,0,4,1
E1965,39,Male,61,200000.0,0,0,4,0
E1966,35,Female,45,200000.0,0,0,4,0
E1967,33,Female,30,200000.0,0,0,4,0
E1968,33,Male,22,200000.0,0,0,3,1
E1969,33,Male,39,200000.0,0,0,4,0
E1970,44,Female,72,200000.0,0,0,4,1
E1971,39,Male,67,200000.0,0,0,4,1
E1972,20,Male,1,200000.0,1,1,3,1
E1973,40,Female,37,200000.0,0,0,4,1
E1974,36,Female,28,200000.0,0,0,4,0
E1975,34,Female,41,200000.0,0,0,4,1
E1976,31,Female,17,200000.0,0,0,4,0
E1977,43,Female,34,200000.0,0,0,4,0
E1978,42,Male,79,200000.0,0,0,4,0
E1979,28,Female,9,200000.0,1,0,3,0
E1980,38,Female,57,200000.0,0,0,3,1
E1981,27,Female,12,200000.0,0,0,3,1
E1982,23,Male,3,200000.0,0,0,3,0
E1983,29,Male,20,121977.6923743356,0,0,3,1
E1984,41,Male,71,200000.0,0,0,4,0
E1985,42,Male,76,200000.0,0,0,5,0
E1986,39,Male,25,200000.0,0,0,3,1
E1987,40,Female,30,200000.0,0,0,4,1
E1988,39,Female,36,200000.0,0,0,4,1
E1989,29,Male,22,200000.0,1,0,2,0
E1990,38,Female,59,153164.6514158908,0,0,3,0
E1991,41,Male,50,200000.0,0,0,4,1
E1992,41,Male,57,200000.0,0,0,4,0
E1993,44,Male,43,200000.0,0,0,3,1
E1994,40,Male,63,200000.0,0,0,3,0
E1995,37,Male,58,200000.0,0,0,4,0
E1996,43,Male,45,200000.0,0,0,4,0
E1997,34,Male,32,200000.0,0,0,3,1
E1998,27,Female,8,193193.80369317398,1,0,3,1
E1999,33,Male,31,200000.0,0,0,4,0
E2000,29,Female,19,200000.0,1,1,4,1
